CellReference,OS_ID,Prolific_ID,Age,GenderWORD,GenderNUM,Occupation,HighestEducationLevelTEXT,OtherIfApplicable,HighestEducationLevelTEXT2,HighestEducationLevelNUM,CompExpertiseText,CompExpertiseNUM,GEN_ATTITUDE_REVERSED,NR1,NR2,NR3,NR4,NR5,NR6,NR7,NR8,NR9,NR10,NR11,NR12,NR13,NR14,NR15,NR16,PR1,PR2,PR3,PR4,PR5,PR6,PR7,PR8,PR9,PR10,PR11,PR12,PR13,PR14,PR15,PR16,GENERALATTUNREVERSED,N9,N13,P13,N14,N15,P14,N16,P15,P16,P9,P10,N10,N11,P11,N12,P12,N1,P5,N5,P6,N6,P7,N7,N8,P8,P1,N2,P2,N3,P3,N4,P4,COMFORTABLENESS,Scom1,Scom2,Scom3,Scom4,Scom5,Scom6,Scom7,Scom8,Scom9,Scom10,Scom11,Scom12,Scom13,Scom14,Scom15,Scom16,Scom17,Scom18,Scom19,Scom20,Scom21,Scom22,Scom23,Scom24,Scom25,Scom26,Scom27,Scom28,Scom29,Scom30,Scom31,Scom32,Scom33,Scom34,Scom35,Scom36,Scom37,Scom38,Scom39,Scom40,Scom41,Scom42,CAPABILITY,Scap1,Scap2,Scap3,Scap4,Scap5,Scap6,Scap7,Scap8,Scap9,Scap10,Scap11,Scap12,Scap13,Scap14,Scap15,Scap16,Scap17,Scap18,Scap19,Scap20,Scap21,Scap22,Scap23,Scap24,Scap25,Scap26,Scap27,Scap28,Scap29,Scap30,Scap31,Scap32,Scap33,Scap34,Scap35,Scap36,Scap37,Scap38,Scap39,Scap40,Scap41,Scap42,TECHREADYUNREVERSED,TR1,TR2,TR3,TR4,TR5,TR6,TR7,TR8,TR9,TR10,TR11,TR12,TR13,TR14,TR15,TR16,TR17,TR18,TECHREADYREVERSED,TR1Innov,TR2Innov,TR3Innov,TR4Innov,TR5Opt,TR6Opt,TR7Opt,TR8Opt,TR9Discomf,TR10Discomf,TR11Discomf,TR12Discomf,TR13Insec,TR14Insec,TR15Insec,TR16Insec,TR17Insec,TR18Insec,END_TRI_REV,OpenComments,StartDate,CompletionDate,OVERALLS_Hereafter,PosGENATT,NegGENATT,ComfAIbigDataAutomation,ComfAIHumanJudg,CapAIforBigData,CapAIHumanJudg,TRI_INNOV,TRI_OPT,TRI_DISCOMF,TRI_INSEC
1,475005-474996-46946517,removed_to_protect_anonymity,23,Female,1,Sales assistant,Bachelor’s degree or equivale,NA,Bachelor’s degree or equivalent,4,"Average computer user, using the internet, standard applications etc.",3, ,1,4,1,3,3,3,4,2,3,3,3,1,3,2,1,3,3,5,2,4,3,4,3,3,3,4,4,3,4,3,4,1, ,3,3,4,4,5,3,3,4,1,3,4,3,3,4,5,3,5,3,3,4,3,3,2,4,3,3,2,5,5,2,3,4, ,4,1,2,1,2,2,1,1,1,2,3,4,1,4,1,2,2,4,4,1,5,1,2,3,3,3,4,1,1,1,2,2,3,1,1,2,1,1,3,3,1,2, ,2,1,3,1,1,1,1,1,1,3,1,3,1,3,1,1,1,5,4,1,3,1,1,4,3,5,2,1,1,1,2,1,2,1,1,2,1,1,2,2,1,1, ,3,4,4,3,5,4,4,5,3,5,4,3,5,3,3,5,4,5, ,3,4,4,3,5,4,4,5,3,1,2,3,1,3,3,1,2,1, , ,2019-05-09 09:31:26 UTC,2019-05-09 09:49:10 UTC, ,3.416666667,2.75,2.76923076923077,1.3,1.75,1.07692307692308,3.5,4.5,2.25,1.833333333
2,475005-474996-46946934,removed_to_protect_anonymity,39,female,1,event manager,Bachelor’s degree or equivale,NA,Bachelor’s degree or equivalent,4,User of specialist applications but not an IT specialist,4, ,4,4,1,4,4,4,2,4,4,4,4,4,4,4,2,4,4,4,2,4,4,4,4,4,4,4,4,3,4,3,4,2, ,2,2,4,2,4,3,2,4,2,4,4,2,2,4,2,3,2,4,2,4,2,4,4,2,4,4,2,4,5,2,2,4, ,4,2,4,4,4,4,2,2,4,4,4,4,4,5,2,5,2,2,4,2,4,2,4,4,5,5,5,5,4,4,4,5,5,4,2,4,4,4,5,5,4,5, ,4,2,4,2,2,2,4,3,3,4,2,4,2,5,2,4,2,2,4,2,4,2,2,4,3,4,4,3,4,2,4,4,3,2,2,4,2,2,4,4,2,4, ,1,2,2,2,4,4,4,4,4,4,4,4,2,2,5,4,4,4, ,1,2,2,2,4,4,4,4,2,2,2,2,4,4,1,2,2,2, ,none,2019-05-09 09:39:10 UTC,2019-05-09 09:50:50 UTC, ,3.833333333,3.75,4.30769230769231,3.1,3.625,2.30769230769231,1.75,4,2,2.5
3,475005-474996-46946737,removed_to_protect_anonymity,35,male,0,cyber security specialist,Other,Industry certifications,Other: Industry certifications,4,Professionally qualified computer scientist or IT specialist,6, ,2,5,3,4,2,1,1,2,4,2,3,1,2,3,2,2,3,4,4,5,4,5,4,4,5,3,5,4,5,2,4,4, ,2,4,5,3,4,2,4,4,4,5,3,4,3,5,5,4,4,4,4,5,5,4,5,4,4,3,1,4,3,4,2,5, ,5,2,5,4,4,4,4,3,2,3,5,5,4,3,4,4,4,1,2,3,4,4,4,2,4,5,5,4,5,5,5,5,5,4,4,4,4,2,5,5,3,4, ,3,1,4,2,2,4,4,4,2,4,5,5,1,4,3,4,4,4,3,3,5,5,3,5,4,5,5,4,5,3,5,5,4,2,4,2,4,1,5,4,3,4, ,1,5,4,4,3,5,5,5,2,4,4,2,3,2,4,2,2,5, ,1,5,4,4,3,5,5,5,4,2,2,4,3,4,2,4,4,1, ,Integration of AI into society is inevitable. The day will come where it will be very difficult to distinguish between human and AI. Integration will be practically absolute. There will be very strong opposition along the way.,2019-05-09 09:35:51 UTC,2019-05-09 09:52:19 UTC, ,4.25,2,4.61538461538461,3.8,4.375,3.23076923076923,3.5,4.5,3,3
4,475005-474996-46946754,removed_to_protect_anonymity,48,male,0,graphic designer,A-level or equivalent,NA,A-level or equivalent,3,Professionally qualified computer scientist or IT specialist,6, ,1,3,5,3,1,5,1,1,5,1,1,1,1,3,4,1,5,5,5,5,3,5,5,5,5,5,5,1,5,2,3,1, ,1,5,5,3,2,2,5,3,1,5,5,5,5,5,5,1,5,3,5,5,1,5,5,5,5,5,3,5,1,5,3,5, ,5,5,3,1,5,3,5,4,1,5,3,5,3,1,5,3,5,1,5,5,5,3,5,1,5,3,5,3,3,5,1,5,3,3,5,3,5,5,3,5,5,3, ,5,5,5,5,5,5,5,5,5,5,5,5,5,5,5,5,5,5,5,5,5,5,5,5,5,5,5,5,5,5,5,5,5,5,5,5,5,5,5,5,5,5, ,4,5,5,3,1,5,5,3,3,1,1,1,5,5,5,3,5,3, ,4,5,5,3,1,5,5,3,3,5,5,5,1,1,1,3,1,3, , ,2019-05-09 09:36:14 UTC,2019-05-09 09:55:42 UTC, ,4.666666667,1.75,3.61538461538462,3.9,5,5,4.25,3.5,4.5,1.666666667
5,475005-474996-46947268,removed_to_protect_anonymity,32,Male,0,Technical Support,A-level or equivalent,NA,A-level or equivalent,3,Professionally qualified computer scientist or IT specialist,6, ,4,3,2,3,3,3,2,3,3,1,2,2,2,4,1,3,3,1,3,4,2,4,1,4,4,4,4,4,4,3,4,1, ,3,4,4,2,5,3,3,4,1,4,4,5,4,4,4,4,2,2,3,4,3,1,4,3,4,3,3,1,4,3,3,4, ,5,2,5,4,3,1,1,1,1,3,4,1,1,3,1,5,3,1,3,1,4,3,2,1,4,3,3,2,3,1,5,4,4,1,1,2,3,1,5,5,2,3, ,3,1,4,1,1,2,3,1,1,3,4,1,1,2,1,5,1,3,1,1,5,1,1,3,3,4,4,2,3,1,5,3,3,1,1,1,1,1,4,4,1,3, ,5,5,4,4,3,5,5,5,1,4,1,1,1,1,4,1,3,5, ,5,5,4,4,3,5,5,5,5,2,5,5,5,5,2,5,3,1, , ,2019-05-09 09:45:06 UTC,2019-05-09 09:56:01 UTC, ,3.416666667,2.875,3.61538461538462,1.8,3.75,1.30769230769231,4.5,4.5,4.25,3.5
6,475005-474996-46947077,removed_to_protect_anonymity,23,Female,1,Residential Support Worker,A-level or equivalent,NA,A-level or equivalent,3,Considerable IT expertise short of full professional qualifications,5, ,2,4,1,3,2,2,3,4,4,1,2,1,4,5,2,5,2,2,3,5,3,5,3,2,5,5,3,3,5,5,4,1, ,2,2,5,1,4,5,1,4,1,5,5,5,4,3,5,3,4,3,4,5,4,3,3,2,2,2,2,2,5,3,3,5, ,4,1,4,3,2,4,5,4,3,5,5,5,5,5,1,5,3,2,5,2,5,1,4,3,5,5,5,1,3,5,5,5,3,1,1,5,3,5,5,5,1,5, ,1,1,1,1,1,2,3,2,2,3,3,3,3,3,1,4,2,1,3,4,5,1,3,3,4,5,5,1,1,3,5,4,3,1,1,3,1,2,5,5,1,4, ,1,5,4,4,5,4,5,5,3,3,1,1,4,2,2,2,4,4, ,1,5,4,4,5,4,5,5,3,3,5,5,2,4,4,4,2,2, , ,2019-05-09 09:41:51 UTC,2019-05-09 09:56:18 UTC, ,3.75,3.125,4.61538461538461,2.9,3.875,1.61538461538462,3.5,4.75,4,3
7,475005-474996-46947279,removed_to_protect_anonymity,30,female,1,Nurse specialist,Bachelor’s degree or equivale,NA,Bachelor’s degree or equivalent,4,User of specialist applications but not an IT specialist,4, ,5,4,2,5,5,3,4,5,4,3,4,4,5,5,3,5,4,3,5,5,5,5,5,5,5,5,5,5,5,5,5,4, ,2,1,5,1,3,5,1,5,4,5,5,3,2,5,2,5,1,5,1,5,3,5,2,1,5,4,2,3,4,5,1,5, ,5,4,5,5,5,4,4,4,4,5,5,5,5,5,3,5,5,2,5,5,5,4,5,4,5,5,5,5,5,5,5,5,5,5,4,5,5,4,5,5,5,5, ,5,4,5,5,5,5,5,5,5,5,5,5,5,5,3,5,5,2,4,5,5,5,4,4,5,5,5,5,5,4,5,5,5,4,4,4,4,4,5,5,4,5, ,5,5,5,5,5,5,5,5,2,4,3,2,3,2,4,3,5,4, ,5,5,5,5,5,5,5,5,4,2,3,4,3,4,2,3,1,2, , ,2019-05-09 09:45:17 UTC,2019-05-09 09:58:32 UTC, ,4.916666667,4.5,4.92307692307692,4.5,5,4.46153846153846,5,5,3.25,2.5
8,475005-474996-46947622,removed_to_protect_anonymity,39,Male,0,Education Consultant,Master’s degree or equivalent,NA,Master’s degree or equivalent,5,"Average computer user, using the internet, standard applications etc.",3, ,4,3,2,4,3,3,3,4,4,3,3,2,4,4,3,4,3,3,3,3,1,4,3,4,4,4,3,3,4,2,3,2, ,2,2,4,2,3,2,2,3,2,4,4,3,3,3,4,3,2,1,3,4,3,3,3,2,4,3,3,3,4,3,2,3, ,2,2,3,3,2,4,4,2,3,3,4,4,3,4,1,5,4,2,4,3,5,4,4,2,5,4,5,3,4,4,4,4,4,2,2,3,2,2,5,4,3,4, ,2,2,5,3,1,3,4,2,3,4,5,4,3,5,1,5,2,3,4,3,5,3,3,5,3,5,5,2,3,3,4,4,4,1,1,3,2,2,5,4,2,4, ,4,4,4,4,4,4,3,3,3,3,4,4,4,3,3,3,3,3, ,4,4,4,4,4,4,3,3,3,3,2,2,2,3,3,3,3,3, , ,2019-05-09 09:51:11 UTC,2019-05-09 09:59:21 UTC, ,3.25,3.5,4.15384615384615,2.9,4.5,2.15384615384615,4,3.5,2.5,2.833333333
9,475005-474996-46947508,removed_to_protect_anonymity,35,Female,1,Web designer,Master’s degree or equivalent,NA,Master’s degree or equivalent,5,Considerable IT expertise short of full professional qualifications,5, ,3,2,3,3,3,2,2,3,2,3,3,3,3,2,3,4,3,4,3,3,2,4,3,3,3,3,4,3,3,2,2,3, ,4,3,3,4,3,2,2,2,3,3,3,3,3,4,3,3,3,2,3,4,4,3,4,3,3,3,4,4,3,3,3,3, ,3,2,4,4,2,2,2,2,4,3,4,3,4,4,1,2,2,2,2,3,2,2,3,2,3,3,2,3,3,2,3,2,3,3,3,3,2,3,3,2,2,3, ,3,2,2,3,3,3,3,2,2,3,2,2,3,3,4,3,3,3,3,3,2,3,2,3,3,3,3,3,3,2,3,4,2,3,3,2,3,3,2,2,3,3, ,4,4,3,3,3,3,4,3,4,3,4,3,3,3,4,3,4,3, ,4,4,3,3,3,3,4,3,2,3,2,3,3,3,2,3,2,3, , ,2019-05-09 09:49:17 UTC,2019-05-09 09:59:55 UTC, ,3,2.75,2.76923076923077,2.4,2.5,2.92307692307692,3.5,3.25,2.5,2.666666667
10,475005-474996-46947103,removed_to_protect_anonymity,30,Male,0,Director,Bachelor’s degree or equivale,NA,Bachelor’s degree or equivalent,4,Considerable IT expertise short of full professional qualifications,5, ,1,2,1,4,1,1,1,2,4,4,4,1,2,5,2,4,3,2,4,5,4,5,2,5,5,5,5,5,4,1,5,1, ,2,4,4,1,4,1,2,5,1,5,5,2,2,5,5,5,5,4,5,5,5,2,5,4,5,3,4,2,5,4,2,5, ,5,1,4,4,4,2,4,1,5,5,5,5,1,4,1,4,2,1,5,1,4,5,2,3,5,5,5,3,5,3,5,5,5,5,2,4,5,2,5,5,1,4, ,3,1,4,2,2,2,4,2,5,4,5,5,1,2,1,5,1,4,2,1,2,4,1,2,5,5,5,1,4,1,5,5,4,5,4,4,2,1,5,5,2,5, ,4,5,4,2,5,5,5,4,2,5,1,2,1,1,5,1,5,5, ,4,5,4,2,5,5,5,4,4,1,5,4,5,5,1,5,1,1, ,"Enjoyed the survey.  Just one thing, I would have used 'radio buttons' for the answers instead of 'checkboxes' for user convenience.    Many thanks!",2019-05-09 09:42:23 UTC,2019-05-09 09:59:57 UTC, ,4.333333333,2.375,4.61538461538461,2.5,4.625,2.23076923076923,3.75,4.75,3.5,3
11,475005-474996-46947565,removed_to_protect_anonymity,30,Male,0,Writer,Bachelor’s degree or equivale,NA,Bachelor’s degree or equivalent,4,Considerable IT expertise short of full professional qualifications,5, ,2,2,2,3,4,3,2,2,5,4,3,2,5,2,1,3,4,4,4,4,5,4,4,4,2,4,4,2,4,2,4,4, ,1,1,4,4,5,2,3,4,4,2,4,2,3,4,4,2,4,5,2,4,3,4,4,4,4,4,4,4,4,4,3,4, ,5,1,5,4,1,5,4,4,4,5,5,5,5,3,1,5,4,1,5,5,5,5,5,2,5,5,5,5,1,1,5,5,5,1,4,5,5,4,5,5,5,5, ,5,1,5,4,1,5,5,5,5,5,5,5,1,2,4,5,3,1,5,5,5,5,5,5,5,5,5,5,3,1,5,5,5,1,5,5,5,4,5,5,5,5, ,1,5,4,5,5,5,5,5,1,3,1,1,1,1,2,1,1,5, ,1,5,4,5,5,5,5,5,5,3,5,5,5,5,4,5,5,1, , ,2019-05-09 09:50:26 UTC,2019-05-09 10:00:36 UTC, ,3.916666667,3,4.46153846153846,4.4,5,4.15384615384615,3.75,5,4.5,4.166666667
12,475005-474996-46947275,removed_to_protect_anonymity,26,Female,1,NA,Bachelor’s degree or equivale,NA,Bachelor’s degree or equivalent,4,User of specialist applications but not an IT specialist,4, ,2,3,4,3,3,2,1,1,2,1,1,2,2,2,1,3,4,3,2,4,2,3,3,4,4,5,3,3,3,3,3,2, ,4,4,3,4,5,3,3,3,2,4,5,5,5,3,4,3,4,2,3,3,4,3,5,5,4,4,3,3,2,2,3,4, ,2,1,3,2,2,1,1,1,1,3,2,4,3,3,1,2,1,1,1,1,5,1,3,1,3,3,1,1,4,4,4,3,1,3,1,2,1,1,3,2,1,1, ,1,1,3,1,1,1,2,1,1,2,2,4,2,1,1,2,1,1,2,1,5,2,3,4,3,3,2,1,2,3,3,3,2,2,1,2,2,1,3,3,1,2, ,2,5,4,4,3,3,2,3,4,4,3,2,5,5,5,5,5,5, ,2,5,4,4,3,3,2,3,2,2,3,4,1,1,1,1,1,1, , ,2019-05-09 09:45:13 UTC,2019-05-09 10:00:46 UTC, ,3.333333333,2,2.69230769230769,1.3,2.25,1.38461538461538,3.75,2.75,2.75,1
13,475005-474996-46947608,removed_to_protect_anonymity,47,female,1,civil servant,Bachelor’s degree or equivale,NA,Bachelor’s degree or equivalent,4,"Average computer user, using the internet, standard applications etc.",3, ,1,2,1,1,1,1,1,1,2,1,1,1,1,1,1,1,3,4,5,1,4,4,2,4,5,2,4,1,1,1,1,2, ,4,5,1,5,5,1,5,1,2,5,2,5,5,4,5,1,5,4,5,4,5,2,5,5,4,3,4,4,5,5,5,1, ,3,1,5,3,2,4,4,4,4,4,5,2,2,1,5,5,5,1,4,1,5,5,5,1,5,1,5,4,1,5,2,5,5,5,5,5,2,2,5,5,5,5, ,2,1,5,5,5,5,5,5,5,5,5,5,1,1,5,5,1,5,4,2,1,5,5,5,2,5,5,2,5,1,5,5,5,5,5,2,5,2,5,5,5,5, ,1,2,4,1,2,2,1,2,5,5,5,5,4,4,5,5,5,5, ,1,2,4,1,2,2,1,2,1,1,1,1,2,2,1,1,1,1, ,"No comments, thanks.",2019-05-09 09:50:59 UTC,2019-05-09 10:00:52 UTC, ,3,1,3.84615384615385,3.7,5,3.76923076923077,2,1.75,1,1.333333333
14,475005-474996-46947539,removed_to_protect_anonymity,42,Male,0,Transport manager,A-level or equivalent,NA,A-level or equivalent,3,Considerable IT expertise short of full professional qualifications,5, ,3,2,3,3,3,3,4,4,3,2,3,3,4,2,3,2,3,5,4,5,2,4,5,3,4,3,4,3,4,4,3,4, ,3,2,4,4,3,4,4,3,4,4,3,4,3,4,3,3,3,2,3,4,3,5,2,2,3,3,4,5,3,4,3,5, ,3,1,4,1,3,1,1,2,4,3,2,3,3,2,1,2,3,4,2,2,5,3,2,4,5,5,4,2,2,3,4,5,4,3,1,5,2,1,5,4,2,3, ,2,1,5,3,2,1,2,2,4,3,3,2,4,4,2,2,2,4,3,2,5,3,4,3,5,4,3,2,3,3,3,4,4,3,2,4,2,1,5,4,2,4, ,5,5,5,5,4,5,5,5,4,2,2,4,2,2,3,3,3,4, ,5,5,5,5,4,5,5,5,2,4,4,2,4,4,3,3,3,2, ,Enjoyed this form of survey.,2019-05-09 09:49:58 UTC,2019-05-09 10:01:08 UTC, ,3.666666667,3,3.23076923076923,2.4,3.25,2.15384615384615,5,4.75,3,3.166666667
15,475005-474996-46947587,removed_to_protect_anonymity,28,Male,0,Self employed,A-level or equivalent,NA,A-level or equivalent,3,User of specialist applications but not an IT specialist,4, ,5,5,1,4,1,3,1,4,2,2,2,2,5,4,1,5,4,2,4,5,5,5,5,4,5,5,4,4,5,4,4,2, ,4,1,5,2,5,4,1,4,2,5,5,4,4,4,4,4,1,5,5,5,3,5,5,2,4,4,1,2,5,4,2,5, ,5,2,5,2,1,3,4,1,1,5,5,4,4,1,2,4,1,1,5,4,5,5,2,1,4,4,4,5,4,1,4,5,4,1,2,1,3,2,5,4,1,4, ,2,1,3,1,1,3,3,1,1,5,5,5,2,2,1,4,1,1,5,2,5,4,1,1,2,5,5,5,4,1,5,5,4,1,1,1,2,2,5,4,1,3, ,3,5,5,5,5,5,5,5,2,2,1,1,1,1,3,1,4,4, ,3,5,5,5,5,5,5,5,4,4,5,5,5,5,3,5,2,2, , ,2019-05-09 09:50:43 UTC,2019-05-09 10:01:17 UTC, ,4.583333333,3.25,4.07692307692308,2.9,4.375,2,4.5,5,4.5,3.666666667
16,475005-474996-46947293,removed_to_protect_anonymity,29,F,1,Office Manager,Bachelor’s degree or equivale,NA,Bachelor’s degree or equivalent,4,Considerable IT expertise short of full professional qualifications,5, ,3,2,2,3,3,4,3,5,2,3,3,4,2,4,2,4,3,3,4,4,4,5,4,3,4,4,4,2,3,2,2,2, ,4,4,3,2,4,2,2,2,2,4,4,3,3,4,2,2,3,4,3,5,2,4,3,1,3,3,4,3,4,4,3,4, ,5,1,3,2,3,2,4,2,1,4,2,5,4,1,1,4,1,1,4,2,5,1,3,2,5,5,5,3,3,2,5,3,3,1,2,3,1,1,5,2,1,3, ,2,1,2,1,1,2,3,2,2,3,2,3,2,2,1,4,1,1,4,2,4,3,1,2,3,5,5,2,2,1,5,3,2,1,2,1,1,1,5,5,1,3, ,3,4,4,4,3,5,4,4,3,4,4,3,5,4,5,2,2,3, ,3,4,4,4,3,5,4,4,3,2,2,3,1,2,1,4,4,3, , ,2019-05-09 09:45:26 UTC,2019-05-09 10:01:26 UTC, ,3.666666667,3.25,3.46153846153846,2,3.625,1.61538461538462,3.75,4,2.5,2.5
17,475005-474996-46947197,removed_to_protect_anonymity,26,Male,0,Nurse,Bachelor’s degree or equivale,NA,Bachelor’s degree or equivalent,4,User of specialist applications but not an IT specialist,4, ,3,4,4,5,3,3,4,4,5,2,3,2,3,5,4,4,4,2,4,4,4,5,4,5,5,5,5,2,3,4,5,4, ,1,3,3,1,2,4,2,5,4,5,5,4,3,5,4,2,3,4,3,5,3,4,2,2,5,4,2,2,2,4,1,4, ,5,2,4,4,2,4,5,4,4,3,5,5,5,5,3,4,3,2,4,3,5,5,4,1,5,4,4,5,5,4,5,5,5,2,4,3,4,2,5,5,2,5, ,3,2,4,3,2,5,5,3,4,3,5,5,5,5,4,5,3,3,4,3,5,5,3,3,3,5,5,4,5,3,5,5,5,2,4,3,5,2,5,4,2,5, ,4,5,4,5,5,4,5,5,3,2,2,2,3,3,3,2,4,2, ,4,5,4,5,5,4,5,5,3,4,4,4,3,3,3,4,2,4, , ,2019-05-09 09:43:53 UTC,2019-05-09 10:01:49 UTC, ,4.416666667,3.5,4.76923076923077,3.9,4.625,3.53846153846154,4.5,4.75,3.75,3.166666667
18,475005-474996-46947160,removed_to_protect_anonymity,24,Female,1,Unemployed,Bachelor’s degree or equivale,NA,Bachelor’s degree or equivalent,4,User of specialist applications but not an IT specialist,4, ,4,3,4,4,2,3,3,2,2,1,3,2,4,4,2,4,3,2,2,4,4,4,2,4,4,5,4,2,4,2,2,4, ,4,2,4,2,4,2,2,2,4,4,5,5,3,4,4,2,2,4,4,4,3,2,3,4,4,3,3,2,2,2,2,4, ,4,2,5,2,1,2,2,1,1,4,5,5,1,5,1,5,1,1,2,1,5,2,4,2,4,4,4,4,5,1,4,4,2,1,2,2,1,2,5,5,1,2, ,3,1,4,2,1,2,4,2,4,5,5,5,1,5,1,5,1,2,4,1,5,1,1,5,4,5,5,4,4,1,5,4,4,1,2,4,2,2,5,5,1,4, ,1,5,2,5,4,5,4,4,2,4,2,4,5,2,4,2,5,5, ,1,5,2,5,4,5,4,4,4,2,4,2,1,4,2,4,1,1, ,Great survey to give insight into the capabilities of artificial intelligence,2019-05-09 09:43:20 UTC,2019-05-09 10:01:57 UTC, ,3.5,3.375,4.30769230769231,1.6,4.75,1.84615384615385,3.25,4.25,3,2.166666667
19,475005-474996-46947825,removed_to_protect_anonymity,28,Male,0,Security,Bachelor’s degree or equivale,NA,Bachelor’s degree or equivalent,4,Considerable IT expertise short of full professional qualifications,5, ,5,2,4,4,5,3,2,3,2,4,3,4,4,4,4,5,4,4,3,2,2,4,3,2,4,5,3,4,4,3,4,4, ,4,2,4,2,2,3,1,4,4,4,5,2,3,3,2,4,1,2,1,4,3,3,4,3,2,4,4,4,2,3,2,2, ,4,2,5,4,5,5,4,3,4,3,3,4,4,4,2,4,3,1,2,1,5,1,4,4,4,3,4,4,5,4,4,5,4,1,4,3,4,2,3,3,3,4, ,2,1,5,1,2,2,2,4,4,4,1,4,4,4,1,2,1,2,3,4,3,1,1,5,3,3,3,2,4,1,5,5,3,1,4,2,4,4,3,2,4,4, ,4,4,5,4,4,4,4,3,3,3,3,2,1,1,1,2,2,2, ,4,4,5,4,4,4,4,3,3,3,3,4,5,5,5,4,4,4, , ,2019-05-09 09:54:24 UTC,2019-05-09 10:02:06 UTC, ,3.333333333,3.875,4.15384615384615,3,2.5,2.38461538461538,4.25,3.75,3.25,4.5
20,475005-474996-46947618,removed_to_protect_anonymity,32,Male,0,Caretaker,GCSE or equivalent,NA,GCSE or equivalent,2,"Average computer user, using the internet, standard applications etc.",3, ,4,3,1,3,1,3,1,1,2,1,2,1,5,5,3,3,4,2,2,4,2,5,2,1,4,4,5,3,2,3,1,1, ,4,1,2,1,3,3,3,1,1,4,4,5,4,5,5,3,2,2,5,5,3,2,5,5,1,4,3,2,5,2,3,4, ,5,1,5,1,1,4,4,1,4,1,5,5,4,1,1,5,3,1,4,1,5,1,4,1,5,5,5,2,3,3,5,4,4,1,2,4,3,3,5,5,3,5, ,5,1,5,1,1,5,5,3,3,5,5,2,3,1,1,5,1,1,5,1,5,1,1,4,5,5,5,5,5,1,5,5,5,1,4,3,4,1,5,5,1,5, ,5,5,5,5,4,3,1,3,5,4,5,4,2,2,3,3,4,3, ,5,5,5,5,4,3,1,3,1,2,1,2,4,4,3,3,2,3, , ,2019-05-09 09:51:06 UTC,2019-05-09 10:02:37 UTC, ,3,3,4.30769230769231,2.4,5,2.53846153846154,5,2.75,1.5,3.166666667
21,475005-474996-46947655,removed_to_protect_anonymity,27,Male,0,Sales Advisor,A-level or equivalent,NA,A-level or equivalent,3,User of specialist applications but not an IT specialist,4, ,3,3,3,4,3,3,3,4,4,2,3,2,4,4,3,4,2,2,3,4,2,4,3,4,4,3,4,3,4,3,1,2, ,2,2,4,2,3,3,2,1,2,4,3,4,3,4,4,3,3,2,3,4,3,3,3,2,4,2,3,2,3,3,2,4, ,4,2,5,2,3,2,3,2,4,5,4,5,2,4,1,4,3,2,4,1,5,3,4,2,4,5,4,2,4,4,4,5,3,3,4,3,2,2,5,5,2,3, ,2,1,5,2,2,2,3,2,3,4,3,4,2,3,1,3,2,2,4,2,5,2,3,3,4,5,4,1,2,2,4,5,3,2,4,2,2,1,5,4,2,4, ,3,4,4,4,5,4,4,4,3,2,2,3,2,2,3,2,4,4, ,3,4,4,4,5,4,4,4,3,4,4,3,4,4,3,4,2,2, ,"AI definitely has potential, but we need to be careful as it could be very harmful in the wrong hands",2019-05-09 09:51:47 UTC,2019-05-09 10:02:40 UTC, ,3.166666667,3.375,4.23076923076923,2.1,3.625,1.92307692307692,3.75,4.25,3.5,3.166666667
22,475005-474996-46947307,removed_to_protect_anonymity,52,MALE,0,NA,Master’s degree or equivalent,NA,Master’s degree or equivalent,5,"Average computer user, using the internet, standard applications etc.",3, ,2,4,4,4,3,3,1,1,4,3,3,1,4,3,4,2,2,3,4,4,4,4,4,3,2,4,4,3,4,3,3,2, ,2,2,4,3,2,3,4,3,2,2,4,3,3,4,5,3,4,4,3,4,3,4,5,5,3,2,2,3,2,4,2,4, ,4,4,4,3,3,2,4,4,4,3,5,5,4,3,2,5,4,1,4,4,5,4,5,1,5,5,4,3,5,5,5,5,5,1,4,4,5,3,5,5,1,5, ,4,2,4,2,2,4,4,4,4,3,5,5,4,2,2,4,4,1,2,4,5,4,5,5,4,5,5,4,4,3,4,5,4,1,4,4,4,2,5,5,2,4, ,2,4,4,3,4,5,5,5,3,4,2,4,1,1,2,2,4,3, ,2,4,4,3,4,5,5,5,3,2,4,2,5,5,4,4,2,3, ,"Think my results should indicate that I'm pretty much in favour of AI in many areas, but then again most AI is influenced by intial human input ;-)",2019-05-09 09:45:42 UTC,2019-05-09 10:03:07 UTC, ,3.5,2.625,4.61538461538461,3.6,4.375,3.23076923076923,3.25,4.75,2.75,3.833333333
23,475005-474996-46947646,removed_to_protect_anonymity,30,Make,0,IT,"A-level or equivalent,Other",Professional Cert,"A-level or equivalent,Other: Professional Cert",4,Professionally qualified computer scientist or IT specialist,6, ,5,5,4,5,1,1,1,5,5,5,3,3,5,4,2,5,5,1,4,5,3,5,5,5,5,5,3,2,4,1,5,5, ,1,1,4,2,4,1,1,5,5,5,5,1,3,3,3,2,1,3,5,5,5,5,5,1,5,5,1,1,2,4,1,5, ,5,5,5,5,5,5,5,5,5,5,5,5,5,5,5,5,5,5,5,5,5,5,5,1,5,5,5,5,5,5,5,5,5,5,5,5,5,5,5,5,5,5, ,3,3,3,4,1,3,4,2,4,5,5,5,2,5,2,5,2,2,5,2,5,5,5,5,5,5,5,1,1,1,5,5,5,5,5,5,5,5,5,5,5,5, ,5,5,5,5,5,5,5,5,1,5,1,2,5,5,2,1,1,1, ,5,5,5,5,5,5,5,5,5,1,5,4,1,1,4,5,5,5, , ,2019-05-09 09:51:33 UTC,2019-05-09 10:03:48 UTC, ,4.5,3.125,5,5,4.875,3.30769230769231,5,5,3.75,3.5
24,475005-474996-46947579,removed_to_protect_anonymity,33,Female,1,Vet,Master’s degree or equivalent,NA,Master’s degree or equivalent,5,"Average computer user, using the internet, standard applications etc.",3, ,2,2,3,2,3,3,3,2,4,1,3,1,3,3,1,3,2,2,2,4,1,4,4,3,3,4,4,3,4,3,4,3, ,2,3,4,3,5,3,3,4,3,3,4,5,3,4,5,3,4,1,3,4,3,4,3,4,3,2,4,2,3,2,4,4, ,4,2,4,2,5,2,3,2,4,4,5,5,4,4,1,5,5,4,4,4,5,2,5,5,5,4,4,4,5,5,2,4,4,5,1,5,4,2,5,4,5,5, ,3,2,4,2,3,4,4,3,4,4,5,5,3,4,1,4,4,4,3,3,5,2,2,5,3,4,4,3,5,2,4,4,4,2,2,4,3,2,5,3,3,3, ,1,3,4,2,2,4,4,4,5,4,4,4,4,2,4,5,3,4, ,1,3,4,2,2,4,4,4,1,2,2,2,2,4,2,1,3,2, , ,2019-05-09 09:50:35 UTC,2019-05-09 10:04:14 UTC, ,3.25,2.875,4.15384615384615,3.3,4.125,2.46153846153846,2.5,3.5,1.75,2.333333333
25,475005-474996-46947818,removed_to_protect_anonymity,23,Male,0,Writer,Master’s degree or equivalent,NA,Master’s degree or equivalent,5,"Average computer user, using the internet, standard applications etc.",3, ,5,3,1,3,1,2,2,4,2,1,1,3,1,2,3,3,3,3,2,2,2,4,2,2,3,2,3,2,2,1,1,2, ,4,5,2,4,3,1,3,1,2,3,2,5,5,3,3,2,1,2,5,4,4,2,4,2,2,3,3,3,5,2,3,2, ,3,1,4,1,2,3,3,2,1,2,4,3,2,1,1,1,1,1,2,1,3,2,3,1,3,1,2,2,2,2,2,5,2,3,2,3,2,1,3,3,2,3, ,2,1,3,1,1,3,3,2,1,3,4,3,1,1,1,2,1,2,1,1,3,2,2,1,2,2,2,3,3,1,3,3,2,1,3,2,2,1,3,3,2,2, ,3,4,4,3,3,3,5,4,3,3,3,2,2,2,2,2,2,5, ,3,4,4,3,3,3,5,4,3,3,3,4,4,4,4,4,4,1, ,I'm a little uncomfortable with how little this survey acknowledges that AI is programmed by people and therefore carries with it the systemic biases of its programmers.,2019-05-09 09:54:16 UTC,2019-05-09 10:04:19 UTC, ,2.333333333,2.125,2.69230769230769,1.9,2.75,1.76923076923077,3.5,3.75,3.25,3.5
26,475005-474996-46947619,removed_to_protect_anonymity,24,Female,1,Finance Officer,Other,Professional Diploma - Accounting,Other: Professional Diploma Accounting,4,"Average computer user, using the internet, standard applications etc.",3, ,2,4,2,4,2,4,3,4,2,1,4,1,2,2,4,4,4,2,4,4,2,4,4,4,4,4,4,4,2,2,2,2, ,4,4,2,4,2,2,2,2,2,4,4,5,2,4,5,4,4,2,4,4,2,4,3,2,4,4,2,2,4,4,2,4, ,5,2,5,4,4,4,5,5,5,5,5,5,2,4,2,5,4,1,5,2,5,4,4,1,5,4,5,4,2,4,5,5,5,4,4,4,2,2,5,4,2,4, ,4,2,5,3,1,3,4,4,4,4,5,5,2,4,2,5,2,3,4,2,5,3,2,3,2,4,5,2,3,3,5,4,4,3,3,4,2,2,5,4,2,4, ,1,4,3,3,4,4,5,4,2,4,2,4,1,1,4,1,2,2, ,1,4,3,3,4,4,5,4,4,2,4,2,5,5,2,5,4,4, , ,2019-05-09 09:51:06 UTC,2019-05-09 10:04:25 UTC, ,3.5,2.875,4.61538461538461,3.3,4.5,2.76923076923077,2.75,4.25,3,4.166666667
27,475005-474996-46947621,removed_to_protect_anonymity,31,female,1,lawyer,Master’s degree or equivalent,NA,Master’s degree or equivalent,5,"Average computer user, using the internet, standard applications etc.",3, ,3,3,3,3,4,2,2,3,4,2,2,1,4,4,1,3,3,3,4,2,2,4,4,3,3,3,4,4,3,3,2,1, ,2,2,3,2,5,3,3,2,1,3,3,4,4,4,5,4,3,2,2,4,4,4,4,3,3,3,3,3,3,4,3,2, ,4,1,5,4,4,2,4,1,1,4,4,5,2,1,1,4,2,4,3,1,5,2,2,1,4,4,4,3,4,3,5,5,3,2,2,3,2,2,5,4,2,4, ,3,1,4,2,1,2,4,1,1,2,2,5,1,1,1,4,1,1,4,2,4,3,2,5,3,3,4,5,4,2,4,5,3,3,4,2,3,1,5,3,3,4, ,2,3,2,1,4,2,5,4,4,3,4,3,2,2,4,2,5,4, ,2,3,2,1,4,2,5,4,2,3,2,3,4,4,2,4,1,2, , ,2019-05-09 09:51:08 UTC,2019-05-09 10:04:28 UTC, ,3.083333333,3,4.07692307692308,1.9,3.375,2.46153846153846,2,3.75,2.5,2.833333333
28,475005-474996-46947593,removed_to_protect_anonymity,23,Male,0,Restaurant manager,A-level or equivalent,NA,A-level or equivalent,3,User of specialist applications but not an IT specialist,4, ,3,4,3,4,4,3,3,4,4,2,4,2,4,4,1,4,4,1,2,3,1,4,4,4,5,5,2,5,4,3,2,2, ,2,2,4,2,5,3,2,2,2,5,5,4,2,2,4,5,3,1,2,4,3,4,3,2,4,4,2,1,3,2,2,3, ,4,2,4,4,1,2,4,4,4,4,5,5,2,3,2,4,1,1,2,1,5,5,4,4,5,5,2,1,4,2,4,5,5,3,5,3,3,4,5,5,3,5, ,3,3,4,2,1,3,4,3,4,4,5,3,1,4,1,4,1,1,3,2,5,4,2,5,2,5,5,3,3,4,4,5,4,2,3,3,3,3,5,5,3,4, ,2,4,3,4,2,4,4,4,2,2,3,2,4,2,2,3,4,3, ,2,4,3,4,2,4,4,4,4,4,3,4,2,4,4,3,2,3, ,"The random questions like and Elephant being a vegetable made me laugh, so thanks for that. Otherwise it was a well put together questionnaire, Thank you and hope I helped.",2019-05-09 09:50:47 UTC,2019-05-09 10:04:28 UTC, ,3.333333333,3.625,4.23076923076923,2.4,4.5,2.76923076923077,3.25,3.5,3.75,3
29,475005-474996-46947395,removed_to_protect_anonymity,24,Male,0,Writer,Bachelor’s degree or equivale,NA,Bachelor’s degree or equivalent,4,User of specialist applications but not an IT specialist,4, ,1,3,1,1,1,2,1,2,2,2,1,2,1,2,1,1,2,2,1,2,1,1,1,1,2,3,2,1,2,2,2,2, ,4,5,2,4,5,2,5,2,2,2,3,4,5,2,4,1,5,1,5,1,4,1,5,4,1,2,3,2,5,1,5,2, ,2,1,4,1,1,1,3,1,1,4,2,2,1,1,1,1,1,1,3,1,1,1,1,1,1,2,4,1,1,1,1,1,3,1,1,1,1,1,4,4,1,1, ,1,1,2,1,1,1,2,1,1,2,1,1,1,1,1,2,1,1,1,1,3,2,2,2,1,2,3,1,1,1,1,2,1,1,1,1,1,1,2,3,1,2, ,2,2,2,2,3,3,4,4,5,3,1,4,4,4,4,4,4,4, ,2,2,2,2,3,3,4,4,1,3,5,2,2,2,2,2,2,2, , ,2019-05-09 09:47:25 UTC,2019-05-09 10:04:30 UTC, ,1.666666667,1.25,2.15384615384615,1,2,1.07692307692308,2,3.5,2.75,2
30,475005-474996-46947447,removed_to_protect_anonymity,40,male,0,technician,Doctoral degree or equivalent,NA,Doctoral degree or equivalent,6,"Average computer user, using the internet, standard applications etc.",3, ,4,3,2,5,3,3,2,3,4,1,2,3,5,3,1,4,4,3,4,4,4,4,4,4,5,4,4,4,4,4,4,3, ,2,1,4,3,5,4,2,4,3,5,4,5,4,4,3,4,2,4,3,4,3,4,4,3,4,4,3,3,4,4,1,4, ,4,1,5,4,4,4,5,4,5,5,5,5,4,4,4,5,5,1,4,1,5,3,4,4,5,5,5,4,5,4,5,5,4,4,3,4,4,3,5,5,4,5, ,3,2,5,5,2,5,5,4,5,5,3,4,2,4,2,4,2,4,4,2,5,2,2,5,3,4,5,3,4,2,5,5,4,2,2,2,3,2,5,3,2,5, ,4,4,4,5,4,4,4,4,3,2,4,3,5,4,4,4,2,3, ,4,4,4,5,4,4,4,4,3,4,2,3,1,2,2,2,4,3, , ,2019-05-09 09:48:09 UTC,2019-05-09 10:04:39 UTC, ,4.083333333,3.25,4.84615384615385,3.7,4.25,2.84615384615385,4.25,4,3,2.333333333
31,475005-474996-46947693,removed_to_protect_anonymity,23,Male,0,Software Engineer,Bachelor’s degree or equivale,NA,Bachelor’s degree or equivalent,4,Professionally qualified computer scientist or IT specialist,6, ,4,3,3,5,4,3,4,4,4,4,4,3,5,5,4,3,5,4,4,5,4,5,4,5,5,5,5,4,4,5,5,3, ,2,1,4,1,2,5,3,5,3,5,5,2,2,5,3,4,2,4,2,5,3,4,2,2,5,5,3,4,3,4,1,5, ,4,3,5,4,4,5,5,5,5,5,5,5,3,1,2,5,4,3,5,4,5,4,5,2,5,5,5,5,5,4,5,5,5,3,3,4,4,3,5,5,2,5, ,5,2,5,4,1,4,5,4,5,5,5,4,2,4,2,5,1,3,4,2,5,4,2,5,4,5,5,4,4,2,5,5,4,1,3,4,3,1,5,5,2,5, ,4,5,4,5,5,5,5,4,2,3,4,2,2,1,1,1,4,2, ,4,5,4,5,5,5,5,4,4,3,2,4,4,5,5,5,2,4, , ,2019-05-09 09:52:22 UTC,2019-05-09 10:04:40 UTC, ,4.666666667,4,4.69230769230769,4,4.875,3,4.5,4.75,3.25,4.166666667
32,475005-474996-46947677,removed_to_protect_anonymity,25,male,0,design engineer,A-level or equivalent,NA,A-level or equivalent,3,User of specialist applications but not an IT specialist,4, ,2,2,3,3,2,2,4,1,2,2,3,3,1,2,1,3,4,4,4,4,1,5,5,3,4,4,3,4,3,3,3,2, ,4,5,3,4,5,3,3,3,2,4,4,4,3,3,3,4,4,1,4,5,4,5,2,5,3,4,4,4,3,4,3,4, ,5,4,3,1,4,4,4,3,4,4,3,3,3,4,1,4,3,3,4,2,4,3,4,5,4,5,4,1,2,1,4,4,4,1,1,1,3,2,2,2,3,1, ,5,1,3,4,1,1,4,2,4,3,5,4,3,3,1,4,3,3,3,2,5,2,4,5,4,5,4,1,2,1,4,4,3,1,1,1,3,1,5,5,2,2, ,4,5,5,5,5,5,5,5,5,3,4,2,3,1,2,3,2,4, ,4,5,5,5,5,5,5,5,1,3,2,4,3,5,4,3,4,2, ,good survey a lot of variety in the questions provided. really enjoyed it,2019-05-09 09:52:06 UTC,2019-05-09 10:04:51 UTC, ,3.583333333,2.375,3.46153846153846,2.4,4.125,1.92307692307692,4.75,5,2.5,3.5
33,475005-474996-46947652,removed_to_protect_anonymity,38,male,0,data entry,Bachelor’s degree or equivale,NA,Bachelor’s degree or equivalent,4,User of specialist applications but not an IT specialist,4, ,4,5,2,1,2,1,1,2,1,1,1,1,2,1,1,2,1,1,1,1,2,2,1,1,2,2,2,2,1,1,1,1, ,5,4,1,5,5,1,4,1,1,2,2,5,5,2,5,2,2,2,4,2,5,1,5,4,1,1,1,1,4,1,5,1, ,1,1,2,1,1,1,1,1,1,1,3,1,1,1,1,2,1,1,1,1,2,1,1,1,4,4,2,1,1,1,1,1,1,1,1,1,1,1,3,1,1,4, ,1,1,3,1,1,1,1,1,1,2,1,1,1,1,1,1,1,1,1,1,1,1,1,3,2,4,2,1,1,1,4,1,1,1,1,1,1,1,3,1,1,1, ,2,4,3,3,2,4,4,3,2,2,2,4,1,1,4,4,1,5, ,2,4,3,3,2,4,4,3,4,4,4,2,5,5,2,2,5,1, , ,2019-05-09 09:51:45 UTC,2019-05-09 10:04:55 UTC, ,1.416666667,1.75,1.46153846153846,1,1.5,1,3,3.25,3.5,3.333333333
34,475005-474996-46947615,removed_to_protect_anonymity,50,male,0,IT Supervisor,A-level or equivalent,NA,A-level or equivalent,3,Considerable IT expertise short of full professional qualifications,5, ,4,3,2,5,5,5,4,5,4,5,5,4,5,5,4,5,4,4,5,5,4,5,4,3,5,5,5,5,5,4,4,4, ,2,1,5,1,2,4,1,4,4,5,5,1,1,5,2,5,2,4,1,5,1,4,2,1,3,4,3,4,4,5,1,5, ,5,4,5,5,2,5,5,4,5,4,5,5,5,5,4,5,3,1,3,2,5,5,4,1,5,5,5,5,3,4,5,5,5,2,4,4,5,4,5,5,4,5, ,3,3,5,3,2,5,5,5,5,5,5,5,4,5,3,5,2,2,3,3,4,3,2,3,4,5,5,3,2,1,5,4,5,2,2,2,4,3,5,5,2,5, ,5,5,5,5,5,5,4,5,2,1,1,1,1,1,2,1,1,2, ,5,5,5,5,5,5,4,5,4,5,5,5,5,5,4,5,5,4, , ,2019-05-09 09:51:03 UTC,2019-05-09 10:04:57 UTC, ,4.5,4.75,4.84615384615385,4.2,5,3.07692307692308,5,4.75,4.75,4.666666667
35,475005-474996-46947442,removed_to_protect_anonymity,64,male,0,teacher,Master’s degree or equivalent,NA,Master’s degree or equivalent,5,"Average computer user, using the internet, standard applications etc.",3, ,2,2,3,1,1,2,1,1,1,2,2,1,2,1,1,3,3,3,3,4,1,4,2,3,3,4,4,2,3,1,3,1, ,5,4,3,5,5,1,3,3,1,3,4,4,4,4,5,2,4,1,5,4,4,2,5,5,3,3,4,3,3,3,5,4, ,2,1,2,2,4,3,3,2,1,1,4,4,1,2,1,3,2,1,1,1,4,1,2,1,3,3,3,1,1,1,4,3,1,1,2,1,1,1,4,3,1,4, ,1,1,4,2,2,3,3,2,3,4,2,3,1,3,1,4,2,1,3,1,5,2,2,5,3,4,4,1,1,1,4,3,3,1,3,1,2,1,5,4,1,4, ,2,4,4,2,3,2,3,3,4,5,4,4,4,4,4,5,5,5, ,2,4,4,2,3,2,3,3,2,1,2,2,2,2,2,1,1,1, ,"seemed straightforward, i find AI to have great possibilities but am concerned how it is used to manipulate people",2019-05-09 09:48:07 UTC,2019-05-09 10:05:27 UTC, ,3.083333333,1.75,2.84615384615385,1.4,3.625,1.61538461538462,3,2.75,1.75,1.5
36,475005-474996-46947641,removed_to_protect_anonymity,29,Female,1,Data analyst,Bachelor’s degree or equivale,NA,Bachelor’s degree or equivalent,4,User of specialist applications but not an IT specialist,4, ,3,1,2,3,2,2,2,1,1,1,2,2,3,3,1,3,4,1,2,3,4,3,4,4,4,4,4,4,1,3,2,1, ,5,3,1,3,5,3,3,2,1,4,4,5,4,4,4,4,3,4,4,3,4,4,4,5,4,4,5,1,4,2,3,3, ,4,1,4,4,1,3,3,3,3,3,5,5,5,1,1,4,1,1,3,1,5,1,3,1,5,3,3,1,2,5,5,4,3,3,2,3,1,3,4,3,1,3, ,4,3,3,3,3,3,3,3,3,3,3,3,3,3,3,3,3,3,3,3,3,3,3,3,3,3,3,1,3,3,3,3,3,3,3,3,3,3,3,3,1,3, ,2,5,3,3,3,4,4,3,5,3,3,3,2,2,4,1,1,4, ,2,5,3,3,3,4,4,3,1,3,3,3,4,4,2,5,5,2, , ,2019-05-09 09:51:32 UTC,2019-05-09 10:05:29 UTC, ,3.25,2.5,3.61538461538462,2,3,2.92307692307692,3.25,3.5,2.5,3.666666667
37,475005-474996-46947667,removed_to_protect_anonymity,46,Male,0,Administrator,A-level or equivalent,NA,A-level or equivalent,3,User of specialist applications but not an IT specialist,4, ,4,3,4,4,4,4,3,4,3,2,2,2,3,2,1,4,3,2,2,3,4,4,4,3,4,5,4,3,4,2,3,4, ,3,3,4,4,5,2,2,3,4,4,5,4,4,4,4,3,2,4,2,4,2,4,3,2,3,3,3,2,2,2,2,3, ,4,3,4,3,1,5,4,4,4,3,5,4,3,3,3,5,3,1,4,2,5,3,2,1,5,4,4,2,5,2,4,4,4,1,4,2,2,4,5,5,1,4, ,3,2,4,3,1,4,4,4,3,5,3,4,3,3,3,4,1,2,5,2,5,2,1,4,3,5,5,2,3,1,4,4,5,1,3,2,2,3,4,5,1,4, ,3,4,4,4,4,5,4,4,4,5,4,4,2,2,2,3,4,4, ,3,4,4,4,4,5,4,4,2,1,2,2,4,4,4,3,2,2, , ,2019-05-09 09:51:57 UTC,2019-05-09 10:05:52 UTC, ,3.583333333,3.25,4.30769230769231,2.9,4.375,2.53846153846154,3.75,4.25,1.75,3.166666667
38,475005-474996-46947783,removed_to_protect_anonymity,40,female,1,teacher,Bachelor’s degree or equivale,NA,Bachelor’s degree or equivalent,4,"Average computer user, using the internet, standard applications etc.",3, ,4,4,2,4,4,4,4,4,1,4,4,1,4,4,1,4,4,2,2,4,4,4,4,4,4,4,4,4,4,2,4,2, ,5,2,4,2,5,2,2,4,2,4,4,2,2,4,5,4,2,4,2,4,2,4,2,2,4,4,2,2,4,2,2,4, ,5,1,5,1,3,1,4,1,4,1,1,5,5,1,1,4,1,1,1,1,4,1,5,5,4,5,5,5,4,4,4,4,4,4,2,2,5,2,5,5,2,5, ,3,1,4,2,4,2,2,2,2,2,3,4,2,2,1,1,1,1,2,2,2,1,3,3,3,3,3,3,2,1,1,3,1,1,1,1,2,1,4,4,2,3, ,1,1,3,1,3,4,5,5,5,5,5,5,2,2,3,2,2,2, ,1,1,3,1,3,4,5,5,1,1,1,1,4,4,3,4,4,4, , ,2019-05-09 09:53:47 UTC,2019-05-09 10:06:35 UTC, ,3.833333333,4,3.84615384615385,2.3,2.5,1.69230769230769,1.5,4.25,1,3.833333333
39,475005-474996-46947541,removed_to_protect_anonymity,41,male,0,mortgage broker,A-level or equivalent,NA,A-level or equivalent,3,"Average computer user, using the internet, standard applications etc.",3, ,3,5,1,5,4,4,2,4,4,2,4,2,5,4,3,5,3,3,5,3,2,5,4,3,5,3,3,5,5,3,5,5, ,2,1,5,2,3,3,1,5,5,5,3,4,2,3,4,5,3,2,2,5,2,4,4,2,3,3,1,3,5,5,1,3, ,5,1,5,2,4,5,5,2,4,5,3,3,4,3,2,5,4,2,5,2,3,5,4,5,5,3,5,4,4,2,5,3,3,1,1,4,4,2,3,3,5,3, ,2,1,5,2,1,3,4,2,2,5,5,5,2,2,1,5,1,1,5,1,5,4,2,5,2,5,5,2,3,1,5,5,5,1,1,2,2,1,5,5,1,4, ,4,5,4,5,5,5,5,5,1,4,2,2,2,1,2,4,4,2, ,4,5,4,5,5,5,5,5,5,2,4,4,4,5,4,2,2,4, , ,2019-05-09 09:50:00 UTC,2019-05-09 10:06:53 UTC, ,3.833333333,3.875,3.84615384615385,3.6,4.875,1.76923076923077,4.5,5,3.75,3.5
40,475005-474996-46948020,removed_to_protect_anonymity,40,Female,1,Teacher,Master’s degree or equivalent,NA,Master’s degree or equivalent,5,Considerable IT expertise short of full professional qualifications,5, ,4,4,2,4,3,4,2,2,4,3,3,4,4,5,2,4,4,4,4,4,4,5,4,4,4,4,4,4,4,3,2,2, ,2,2,4,1,4,3,2,2,2,4,4,3,3,4,2,4,2,4,3,5,2,4,4,4,4,4,2,4,4,4,2,4, ,4,1,5,2,1,4,4,4,4,5,5,5,1,2,1,5,2,2,4,4,5,3,4,4,2,5,4,4,4,4,5,5,4,1,1,4,4,1,5,5,2,4, ,3,1,3,1,1,2,2,2,2,4,4,4,1,4,1,5,4,4,2,3,5,2,3,4,2,5,5,3,4,2,5,4,4,1,1,3,3,2,4,5,2,4, ,4,4,4,4,5,4,4,5,2,2,2,2,2,1,2,1,1,1, ,4,4,4,4,5,4,4,5,4,4,4,4,4,5,4,5,5,5, , ,2019-05-09 09:57:35 UTC,2019-05-09 10:07:06 UTC, ,3.916666667,3.625,4.46153846153846,3.1,4.125,2,4,4.5,4,4.666666667
41,475005-474996-46947971,removed_to_protect_anonymity,25,female,1,receptionist,A-level or equivalent,NA,A-level or equivalent,3,User of specialist applications but not an IT specialist,4, ,2,3,1,3,3,3,2,2,4,2,3,2,2,2,1,3,2,1,2,3,4,4,4,4,4,4,3,3,4,2,4,2, ,2,4,4,4,5,2,3,4,2,4,4,4,3,3,4,3,4,4,3,4,3,4,4,4,4,2,3,1,5,2,3,3, ,2,1,1,1,1,2,2,2,2,1,2,4,2,1,1,4,1,1,4,1,4,1,1,5,4,5,5,1,1,1,5,1,1,1,2,1,1,1,5,5,1,5, ,1,1,5,1,1,1,5,1,5,5,5,1,1,5,1,5,1,5,5,1,5,1,1,5,5,5,5,1,1,1,5,1,1,1,1,1,1,1,5,5,1,5, ,4,5,5,5,3,5,5,3,4,2,2,1,4,2,1,1,5,4, ,4,5,5,5,3,5,5,3,2,4,4,5,2,4,5,5,1,2, , ,2019-05-09 09:56:40 UTC,2019-05-09 10:07:14 UTC, ,3.5,2.5,2.76923076923077,1.3,4.5,1,4.75,4,3.75,3.166666667
42,475005-474996-46947670,removed_to_protect_anonymity,36,Male,0,Systems Administrator,Bachelor’s degree or equivale,NA,Bachelor’s degree or equivalent,4,Professionally qualified computer scientist or IT specialist,6, ,4,5,1,5,5,4,2,1,4,4,4,2,5,5,5,5,4,4,5,5,5,5,5,5,5,2,4,5,5,3,4,2, ,2,1,5,1,1,3,1,4,2,5,2,2,2,4,4,5,2,5,1,5,2,5,4,5,5,4,1,4,5,5,1,5, ,5,4,5,5,3,5,5,4,5,5,5,5,4,4,4,5,5,3,5,5,5,5,5,4,5,5,5,5,3,4,5,5,5,3,5,5,5,4,5,5,3,5, ,2,2,5,4,1,4,3,3,5,4,5,5,1,1,1,5,5,4,4,3,5,4,2,4,2,4,4,3,4,2,2,4,5,1,3,4,1,1,4,4,2,4, ,4,5,5,5,5,4,5,4,1,4,2,1,1,1,1,1,1,1, ,4,5,5,5,5,4,5,4,5,2,4,5,5,5,5,5,5,5, ,"It would be useful to clarify if you mean AI or Machine Learning for some of the questions, although that might be beyond the level of some users.",2019-05-09 09:52:02 UTC,2019-05-09 10:07:21 UTC, ,4.5,4.25,4.76923076923077,4.7,4.25,2.46153846153846,4.75,4.5,4,5
43,475005-474996-46947294,removed_to_protect_anonymity,55,Female,1,Technical Trainer,Bachelor’s degree or equivale,NA,Bachelor’s degree or equivalent,4,User of specialist applications but not an IT specialist,4, ,4,4,2,5,4,4,4,5,5,2,4,2,5,4,2,4,3,1,4,4,5,5,4,5,5,5,4,4,3,3,4,2, ,1,1,3,2,4,3,2,4,2,5,5,4,2,4,4,4,2,5,2,5,2,4,2,1,5,3,2,1,4,4,1,4, ,5,1,5,1,1,4,5,4,3,5,5,5,2,4,2,5,3,1,4,2,5,3,5,1,4,4,5,2,4,5,4,5,4,1,3,3,2,1,5,5,1,4, ,3,1,4,1,1,4,3,3,2,3,2,2,1,2,2,5,1,1,2,2,5,2,1,4,3,5,5,3,5,2,5,5,3,1,2,2,2,1,5,4,1,4, ,1,3,4,3,4,5,4,5,2,2,2,4,1,1,2,1,1,5, ,1,3,4,3,4,5,4,5,4,4,4,2,5,5,4,5,5,1, ,n/a,2019-05-09 09:45:28 UTC,2019-05-09 10:07:29 UTC, ,4.25,4.125,4.69230769230769,2.7,3.75,2.15384615384615,2.75,4.5,3.5,4.166666667
44,475005-474996-46947097,removed_to_protect_anonymity,50,male,0,consultant (business),A-level or equivalent,NA,A-level or equivalent,3,"Average computer user, using the internet, standard applications etc.",3, ,4,4,2,4,4,4,2,4,4,2,3,2,4,4,3,4,3,3,4,3,5,5,4,5,4,5,4,4,4,3,5,3, ,2,2,4,2,3,3,2,5,3,4,5,4,3,4,4,4,2,5,2,5,2,4,4,2,5,3,2,3,4,4,2,3, ,5,2,5,5,4,4,5,5,5,4,5,5,4,5,4,5,2,2,5,4,5,4,4,5,5,5,5,4,5,4,5,5,5,1,5,4,4,2,5,5,2,5, ,3,1,4,3,2,4,4,4,4,4,3,4,2,3,2,4,1,1,4,3,5,3,2,5,3,5,5,3,5,1,5,3,3,1,3,3,3,1,5,5,2,4, ,4,4,4,4,5,5,5,5,3,4,4,3,2,2,4,1,4,4, ,4,4,4,4,5,5,5,5,3,2,2,3,4,4,2,5,2,2, ,interesting survey,2019-05-09 09:42:20 UTC,2019-05-09 10:07:32 UTC, ,4.25,3.625,5,3.9,4.125,2.61538461538462,4,5,2.5,3.166666667
45,475005-474996-46947682,removed_to_protect_anonymity,31,Male,0,IT Analyst,Master’s degree or equivalent,NA,Master’s degree or equivalent,5,Professionally qualified computer scientist or IT specialist,6, ,2,3,3,4,3,2,2,3,4,3,3,2,2,4,3,3,5,5,5,5,5,5,3,3,3,5,5,4,5,5,5,4, ,2,4,5,2,3,5,3,5,4,3,5,3,3,5,4,4,4,5,3,5,4,3,4,3,3,5,3,5,3,5,2,5, ,4,4,5,5,4,5,5,5,1,5,5,5,5,5,4,5,4,3,5,3,5,5,4,5,5,5,5,5,5,3,4,5,5,1,4,5,4,5,5,5,3,5, ,4,3,5,4,1,4,5,5,5,4,5,2,5,5,1,5,1,3,2,2,5,5,1,5,5,5,5,4,4,5,5,5,5,1,4,4,2,5,5,5,1,5, ,5,5,5,5,5,5,5,5,5,5,3,5,5,5,4,1,5,5, ,5,5,5,5,5,5,5,5,1,1,3,1,1,1,2,5,1,1, ,I feel humans should be given a chance with regards to things like job/bail interviews rather than being subject to an AI decision. Having someone see faith in you can change your behavior for the positive in a way the AI might not pick up.,2019-05-09 09:52:11 UTC,2019-05-09 10:07:46 UTC, ,4.5,2.625,4.92307692307692,4.5,4.875,3.53846153846154,5,5,1.5,1.833333333
46,475005-474996-46947651,removed_to_protect_anonymity,38,male,0,customer service,A-level or equivalent,NA,A-level or equivalent,3,User of specialist applications but not an IT specialist,4, ,5,2,3,3,3,3,2,2,2,3,3,2,2,4,3,5,4,2,4,4,5,4,4,4,4,4,4,4,3,3,3,2, ,4,4,3,2,3,3,1,3,2,4,4,3,3,4,4,4,1,5,3,4,3,4,4,4,4,4,4,2,3,4,3,4, ,5,2,5,3,5,3,4,2,5,5,3,5,5,3,1,5,3,1,3,1,5,3,5,5,5,5,5,3,4,3,5,5,5,3,1,5,3,3,5,5,3,5, ,5,1,5,3,3,3,5,3,5,3,3,3,3,3,1,5,3,4,4,4,5,3,3,5,3,5,4,3,2,2,4,3,4,3,2,3,1,2,5,3,1,4, ,5,5,4,5,5,5,3,3,3,4,2,1,5,3,4,4,4,4, ,5,5,4,5,5,5,3,3,3,2,4,5,1,3,2,2,2,2, , ,2019-05-09 09:51:43 UTC,2019-05-09 10:08:06 UTC, ,3.916666667,3.375,4.53846153846154,2.9,4,2.69230769230769,4.75,4,3.5,2
47,475005-474996-46948088,removed_to_protect_anonymity,44,F,1,Property management,Bachelor’s degree or equivale,NA,Bachelor’s degree or equivalent,4,"Average computer user, using the internet, standard applications etc.",3, ,4,3,2,2,3,3,3,2,4,2,3,1,2,4,2,3,2,4,4,4,2,5,4,3,2,5,4,4,4,1,1,2, ,2,4,4,2,4,1,3,1,2,2,5,4,3,4,5,4,2,2,3,5,3,4,3,4,3,2,3,4,4,4,4,4, ,5,1,4,2,3,2,3,3,2,4,5,5,1,5,1,4,1,1,3,1,5,3,4,4,5,4,5,1,3,2,5,5,4,1,1,2,2,1,5,4,1,4, ,3,1,3,2,2,2,2,2,2,4,4,3,1,2,1,3,1,1,4,1,5,3,2,5,3,5,5,2,2,2,4,5,3,1,1,2,1,1,5,4,1,4, ,4,4,4,2,5,4,4,5,3,4,5,3,4,1,2,2,2,4, ,4,4,4,2,5,4,4,5,3,2,1,3,2,5,4,4,4,2, , ,2019-05-09 09:58:46 UTC,2019-05-09 10:08:13 UTC, ,3.333333333,3.125,4.38461538461539,1.7,3.75,1.69230769230769,3.5,4.5,2.25,3.5
48,475005-474996-46946928,removed_to_protect_anonymity,46,male,0,selfemployed builder,GCSE or equivalent,NA,GCSE or equivalent,2,"Average computer user, using the internet, standard applications etc.",3, ,1,1,3,2,2,2,2,2,3,1,2,2,1,2,1,2,4,2,4,4,2,4,2,1,3,4,3,1,3,2,2,1, ,3,5,3,4,5,2,4,2,1,3,4,5,4,3,4,1,5,2,4,4,4,2,4,4,1,4,5,2,3,4,4,4, ,1,1,3,2,4,2,3,3,2,1,4,4,1,4,1,5,3,1,4,1,5,1,5,1,5,4,4,1,5,5,5,5,4,1,2,1,1,3,5,5,1,4, ,1,1,5,4,1,4,4,3,4,5,3,2,3,5,1,5,2,2,4,1,5,2,2,5,3,5,4,2,4,2,5,5,4,1,2,1,1,2,5,5,1,4, ,4,4,3,2,2,4,3,4,2,4,2,1,1,1,2,1,3,4, ,4,4,3,2,2,4,3,4,4,2,4,5,5,5,4,5,3,2, ,"I enjoyed the survey, very comprehensive",2019-05-09 09:39:02 UTC,2019-05-09 10:08:42 UTC, ,3,1.75,4.30769230769231,1.5,4.375,2,3.25,3.25,3.75,4
49,475005-474996-46947803,removed_to_protect_anonymity,30,Female,1,Sales Assistant,A-level or equivalent,NA,A-level or equivalent,3,"Average computer user, using the internet, standard applications etc.",3, ,2,3,3,3,2,2,3,3,5,3,3,1,1,1,1,1,1,1,1,1,5,4,3,3,1,4,4,3,3,3,1,1, ,1,5,3,5,5,3,5,1,1,1,4,3,3,4,5,3,4,5,4,4,4,3,3,3,3,1,3,1,3,1,3,1, ,5,4,5,5,2,3,3,3,1,5,5,5,3,5,1,3,1,1,5,1,5,1,4,5,5,5,5,1,1,1,4,2,3,1,3,4,1,3,5,5,1,5, ,3,3,4,3,1,1,3,1,1,3,3,5,1,3,1,3,1,3,4,1,4,4,4,4,3,5,5,5,5,1,5,5,5,3,3,4,1,2,5,5,1,5, ,1,4,1,1,1,3,3,5,1,1,3,1,3,3,3,4,3,4, ,1,4,1,1,1,3,3,5,5,5,3,5,3,3,3,2,3,2, ,AI doing low level jobs means people like me won't have a job. Will make people lazy. Ok in certain aspects but not all e.g. creative. Where they help it's good but where it causes a negative impact not.,2019-05-09 09:54:03 UTC,2019-05-09 10:09:16 UTC, ,2.583333333,1.875,3.92307692307692,1.9,4,2.23076923076923,1.75,3,4.5,2.666666667
50,475005-474996-46947797,removed_to_protect_anonymity,41,Male,0,Account Manager,Bachelor’s degree or equivale,NA,Bachelor’s degree or equivalent,4,User of specialist applications but not an IT specialist,4, ,1,3,1,4,2,2,1,2,2,2,2,2,2,4,1,2,2,2,3,4,4,2,2,3,3,3,4,2,2,3,4,2, ,4,4,2,2,5,3,4,4,2,3,3,4,4,4,4,2,5,4,4,2,4,2,5,4,3,2,3,2,5,3,2,4, ,4,2,4,3,3,4,2,2,3,4,4,4,4,5,1,4,2,1,3,2,4,4,5,4,4,5,4,2,4,3,4,4,4,1,2,2,2,2,4,4,3,4, ,4,2,4,3,2,4,4,2,4,5,5,5,2,4,2,3,2,2,5,2,5,4,2,4,3,5,4,2,2,2,5,4,4,1,2,1,2,2,5,5,2,5, ,5,5,5,5,4,5,5,5,5,2,3,5,4,2,2,2,2,4, ,5,5,5,5,4,5,5,5,1,4,3,1,2,4,4,4,4,2, , ,2019-05-09 09:53:59 UTC,2019-05-09 10:09:36 UTC, ,3,2,3.92307692307692,2.5,4.375,2.46153846153846,5,4.75,2.25,3.333333333
51,475005-474996-46947944,removed_to_protect_anonymity,26,Female,1,Operator,Master’s degree or equivalent,NA,Master’s degree or equivalent,5,"Slightly below average computer user, infrequently using the computer, using few applications",2, ,2,2,2,1,2,2,2,2,2,3,1,3,3,1,4,3,4,5,5,4,4,4,5,4,5,5,4,4,4,3,3,4, ,4,3,4,5,2,3,3,3,4,5,5,3,5,4,3,4,4,4,4,4,4,5,4,4,4,4,4,5,4,5,5,4, ,5,3,4,5,5,5,4,4,5,5,4,4,4,5,3,4,5,4,4,3,4,5,4,4,4,3,3,4,5,4,4,5,5,5,4,5,5,5,3,5,5,4, ,2,3,5,4,4,3,4,3,3,4,4,5,4,3,2,4,4,3,5,4,3,5,3,5,5,4,3,2,3,3,4,5,5,4,5,4,3,3,2,3,3,3, ,5,5,4,4,4,5,5,4,4,5,4,4,2,4,3,4,5,5, ,5,5,4,4,4,5,5,4,2,1,2,2,4,2,3,2,1,1, , ,2019-05-09 09:56:15 UTC,2019-05-09 10:11:16 UTC, ,4.25,2,4.30769230769231,4.3,3.625,3.30769230769231,4.5,4.5,1.75,2.166666667
52,475005-474996-46947557,removed_to_protect_anonymity,42,Male,0,IT Technician,A-level or equivalent,NA,A-level or equivalent,3,Professionally qualified computer scientist or IT specialist,6, ,5,5,5,5,4,5,3,4,4,1,3,2,3,4,1,4,4,3,4,4,3,5,4,4,4,4,4,4,4,4,3,2, ,2,3,4,2,5,4,2,3,2,4,4,5,3,4,4,4,1,3,2,5,1,4,3,2,4,4,1,3,1,4,1,4, ,5,1,5,2,1,4,5,3,2,4,4,5,4,2,2,4,5,1,5,2,5,4,5,4,5,5,5,4,5,3,5,5,5,1,2,2,4,1,5,5,2,5, ,3,1,4,2,1,3,5,2,2,2,3,4,3,4,2,5,2,4,3,3,5,4,2,5,3,5,5,2,5,3,5,5,5,1,2,3,3,2,5,5,1,5, ,4,4,5,5,5,5,5,4,1,1,1,1,1,1,2,1,2,2, ,4,4,5,5,5,5,5,4,5,5,5,5,5,5,4,5,4,4, , ,2019-05-09 09:50:18 UTC,2019-05-09 10:11:26 UTC, ,3.916666667,3.875,4.61538461538461,3.4,4.375,2.46153846153846,4.5,4.75,5,4.5
53,475005-474996-46947942,removed_to_protect_anonymity,33,Female,1,Retail assistant,GCSE or equivalent,NA,GCSE or equivalent,2,"Average computer user, using the internet, standard applications etc.",3, ,3,2,2,3,2,1,3,3,3,1,1,3,1,4,1,2,4,2,2,4,5,4,4,4,4,4,5,4,3,3,2,3, ,3,5,3,2,5,3,4,2,3,4,4,5,5,5,3,4,3,5,4,4,5,4,3,3,4,4,4,2,4,2,3,4, ,4,1,5,1,3,2,5,5,2,3,5,5,1,5,1,5,1,1,3,1,5,2,4,5,5,5,5,5,4,1,4,4,4,1,1,2,1,1,5,5,1,5, ,4,1,5,2,1,2,5,4,1,4,4,4,1,5,1,4,1,1,4,2,5,1,4,4,5,4,5,3,4,1,3,4,5,1,1,1,1,1,5,5,1,2, ,4,4,4,4,4,4,4,4,5,5,5,1,2,2,4,3,4,4, ,4,4,4,4,4,4,4,4,1,1,1,5,4,4,2,3,2,2, , ,2019-05-09 09:56:15 UTC,2019-05-09 10:11:36 UTC, ,3.75,2.125,4.69230769230769,2.1,4.625,1.84615384615385,4,4,2,2.833333333
54,475005-474996-46948065,removed_to_protect_anonymity,30,Female,1,Director,Master’s degree or equivalent,NA,Master’s degree or equivalent,5,Professionally qualified computer scientist or IT specialist,6, ,1,1,2,4,2,4,2,1,1,2,3,1,1,1,2,4,2,2,4,2,5,4,5,4,5,5,4,5,2,4,4,1, ,5,5,2,5,4,4,2,4,1,5,5,4,3,4,5,5,5,5,4,4,2,5,4,5,4,2,5,2,4,4,2,2, ,3,1,5,4,4,2,1,1,4,4,5,5,5,5,1,4,4,1,2,1,5,4,4,5,5,5,1,5,1,1,4,4,1,1,1,2,1,1,5,5,4,4, ,4,1,5,4,1,5,1,2,4,4,4,5,5,4,1,4,4,4,4,2,5,4,4,5,5,5,2,4,2,4,5,5,2,1,2,2,1,2,5,5,1,2, ,5,5,5,5,4,5,5,5,4,5,4,2,1,1,3,1,4,5, ,5,5,5,5,4,5,5,5,2,1,2,4,5,5,3,5,2,1, , ,2019-05-09 09:58:14 UTC,2019-05-09 10:12:03 UTC, ,3.833333333,2.25,3.53846153846154,2.6,3.375,2.76923076923077,5,4.75,2.25,3.5
55,475005-474996-46947862,removed_to_protect_anonymity,22,Female,1,Office Administrator,Bachelor’s degree or equivale,NA,Bachelor’s degree or equivalent,4,"Average computer user, using the internet, standard applications etc.",3, ,3,2,2,3,3,3,4,3,4,3,3,2,3,3,2,4,3,2,3,4,3,4,3,4,3,4,4,4,4,1,1,1, ,2,3,4,3,4,1,2,1,1,3,4,3,3,4,4,4,3,3,3,4,3,3,2,3,4,3,4,2,4,3,3,4, ,3,2,5,2,3,4,2,3,2,4,4,5,4,1,1,3,4,1,4,2,1,2,4,2,5,4,4,3,4,5,4,5,3,4,3,5,3,2,5,5,3,3, ,3,2,5,2,3,4,3,3,3,3,4,3,2,2,2,4,3,3,4,2,2,3,3,4,3,4,4,3,4,3,4,4,3,4,3,4,3,2,5,5,3,4, ,1,1,1,1,2,3,4,4,4,4,4,3,2,1,3,2,4,3, ,1,1,1,1,2,3,4,4,2,2,2,3,4,5,3,4,2,3, , ,2019-05-09 09:54:58 UTC,2019-05-09 10:12:08 UTC, ,3.333333333,3.25,3.53846153846154,3.1,3.875,2.84615384615385,1,3.25,2.25,3.5
56,475005-474996-46948050,removed_to_protect_anonymity,21,female,1,Admin,A-level or equivalent,NA,A-level or equivalent,3,User of specialist applications but not an IT specialist,4, ,2,2,3,2,2,3,2,2,2,2,3,3,2,3,2,2,3,4,3,3,3,4,4,4,4,3,3,4,4,3,3,3, ,4,4,4,3,4,3,4,3,3,4,3,4,3,3,3,4,4,3,4,4,3,4,4,4,4,3,4,4,3,3,4,3, ,5,3,1,2,1,1,1,1,1,3,3,2,3,2,1,3,3,2,3,2,2,5,2,2,2,2,2,3,3,2,3,2,3,2,2,3,3,2,3,3,3,3, ,4,3,3,3,3,2,2,2,2,2,3,2,3,3,4,3,3,3,3,2,3,3,3,3,3,3,3,3,3,4,3,2,3,3,3,3,2,3,3,2,3,3, ,3,4,4,4,4,4,3,3,3,4,3,3,3,3,3,3,3,3, ,3,4,4,4,4,4,3,3,3,2,3,3,3,3,3,3,3,3, , ,2019-05-09 09:58:01 UTC,2019-05-09 10:12:09 UTC, ,3.416666667,2.375,2.30769230769231,2.5,2.625,2.92307692307692,3.75,3.5,2.75,3
57,475005-474996-46947823,removed_to_protect_anonymity,41,Female,1,Cleaner,GCSE or equivalent,NA,GCSE or equivalent,2,"Average computer user, using the internet, standard applications etc.",3, ,4,3,3,3,3,3,4,4,3,2,4,2,3,4,1,4,3,2,2,3,1,3,3,2,3,3,3,3,3,3,3,1, ,3,3,3,2,5,3,2,3,1,3,3,4,2,3,4,3,2,1,3,3,3,3,2,2,2,3,3,2,3,2,3,3, ,3,2,4,2,4,2,1,3,1,3,3,4,3,4,1,3,4,1,4,2,4,1,4,3,4,3,3,2,2,4,3,4,2,1,1,2,1,1,4,3,2,3, ,2,1,4,2,3,2,3,3,2,4,3,5,2,4,1,3,4,2,4,2,4,2,3,4,3,4,3,2,4,2,3,4,2,2,1,2,2,2,4,3,2,3, ,3,4,3,4,4,4,2,3,2,2,3,2,4,3,4,2,4,3, ,3,4,3,4,4,4,2,3,4,4,3,4,2,3,2,4,2,3, ,This was an interesting survey with easy to follow text and questions,2019-05-09 09:54:23 UTC,2019-05-09 10:12:30 UTC, ,2.666666667,3.625,3.07692307692308,2.1,3.125,1.92307692307692,3.5,3.25,3.75,2.666666667
58,475005-474996-46947561,removed_to_protect_anonymity,33,Male,0,Administrator,Bachelor’s degree or equivale,NA,Bachelor’s degree or equivalent,4,User of specialist applications but not an IT specialist,4, ,4,3,4,4,4,4,3,2,3,3,4,4,4,4,2,4,4,3,4,5,3,5,3,4,5,5,5,5,5,4,5,4, ,3,2,5,2,4,4,2,5,4,5,5,3,2,5,2,5,2,3,2,5,2,3,3,4,4,4,3,3,2,4,2,5, ,5,2,5,4,2,4,5,3,3,5,4,4,4,4,4,4,2,1,3,2,5,4,1,1,5,2,4,3,4,1,4,4,4,2,4,2,2,2,5,5,2,5, ,4,2,4,4,2,4,4,4,3,5,4,4,2,4,3,4,2,2,4,3,4,4,2,4,2,4,5,4,4,2,5,4,4,2,4,2,3,2,5,4,3,4, ,4,3,4,4,4,4,4,3,3,4,4,4,2,2,3,2,3,2, ,4,3,4,4,4,4,4,3,3,2,2,2,4,4,3,4,3,4, , ,2019-05-09 09:50:21 UTC,2019-05-09 10:13:19 UTC, ,4.416666667,3.875,4.30769230769231,3,4.375,3.30769230769231,3.75,3.75,2.25,3.666666667
59,475005-474996-46948039,removed_to_protect_anonymity,39,male,0,Compliance Manager,A-level or equivalent,NA,A-level or equivalent,3,User of specialist applications but not an IT specialist,4, ,4,4,2,4,2,3,1,3,5,2,2,2,4,3,3,2,4,3,4,4,2,5,4,4,5,5,4,4,4,1,3,4, ,1,2,4,3,3,1,4,3,4,5,5,4,4,4,4,4,2,2,4,5,3,4,5,3,4,4,2,3,4,4,2,4, ,5,3,5,2,2,4,4,3,3,4,5,5,2,3,2,4,4,1,4,2,5,3,3,1,5,3,5,4,5,4,5,5,5,3,4,2,2,4,5,5,2,5, ,4,1,4,3,1,3,3,3,2,3,3,4,2,1,1,4,1,1,2,2,2,3,1,3,2,4,4,2,1,1,5,3,4,1,1,1,1,1,5,5,2,2, ,3,4,4,4,4,4,4,4,2,2,2,2,1,1,3,2,1,5, ,3,4,4,4,4,4,4,4,4,4,4,4,5,5,3,4,5,1, , ,2019-05-09 09:57:54 UTC,2019-05-09 10:13:28 UTC, ,4,2.625,4.69230769230769,2.8,3.875,2,3.75,4,4,3.833333333
60,475005-474996-46948083,removed_to_protect_anonymity,40,Female,1,Mechanical Engineer,Master’s degree or equivalent,NA,Master’s degree or equivalent,5,"Average computer user, using the internet, standard applications etc.",3, ,3,4,4,4,4,3,3,4,4,3,3,3,4,4,3,4,2,3,3,3,2,4,3,4,4,5,4,3,4,3,2,3, ,2,2,4,2,3,3,2,2,3,4,5,3,3,4,3,3,3,2,2,4,3,3,3,2,4,2,2,3,2,3,2,3, ,4,1,5,2,3,3,5,2,3,2,5,5,2,3,2,4,3,1,4,2,5,1,4,1,5,5,4,3,4,3,4,5,4,3,3,3,3,1,5,5,2,4, ,2,1,4,1,1,2,3,1,2,2,4,5,1,2,2,3,2,1,2,1,3,2,1,5,3,5,4,2,5,2,4,4,4,2,2,1,3,1,5,5,2,3, ,4,5,5,5,5,5,5,5,1,4,2,1,1,1,2,1,4,3, ,4,5,5,5,5,5,5,5,5,2,4,5,5,5,4,5,2,3, , ,2019-05-09 09:58:42 UTC,2019-05-09 10:14:09 UTC, ,3.333333333,3.5,4.46153846153846,2.4,3.75,1.76923076923077,4.75,5,4,4
61,475005-474996-46948233,removed_to_protect_anonymity,56,Female,1,Receptionist,A-level or equivalent,NA,A-level or equivalent,3,"Average computer user, using the internet, standard applications etc.",3, ,3,2,3,4,2,4,1,2,2,1,3,1,2,4,1,4,3,4,4,3,4,4,5,4,4,4,4,5,4,4,3,4, ,4,4,4,2,5,4,2,3,4,4,4,5,3,4,5,5,3,4,4,4,2,5,5,4,4,3,4,4,3,4,2,3, ,2,2,4,2,3,4,4,4,4,4,5,5,5,5,2,5,5,1,4,3,4,1,5,4,5,5,5,2,4,4,5,4,4,4,2,5,2,3,5,5,4,4, ,2,2,5,2,2,5,5,5,5,5,5,5,4,5,2,5,2,2,5,4,5,2,5,5,5,5,5,2,4,4,5,5,5,2,2,5,2,2,5,5,2,5, ,5,5,5,5,4,5,5,4,5,1,3,3,2,4,4,1,5,2, ,5,5,5,5,4,5,5,4,1,5,3,3,4,2,2,5,1,4, , ,2019-05-09 10:01:19 UTC,2019-05-09 10:14:27 UTC, ,3.833333333,2.875,4.53846153846154,3.3,5,2.76923076923077,5,4.5,3,3
62,475005-474996-46947718,removed_to_protect_anonymity,31,Male,0,Engineer,GCSE or equivalent,NA,GCSE or equivalent,2,User of specialist applications but not an IT specialist,4, ,3,3,2,4,3,3,2,3,1,2,3,2,4,2,3,4,2,3,2,3,2,3,2,3,4,4,4,2,3,3,3,3, ,5,2,3,4,3,3,2,3,3,4,4,4,3,4,4,2,3,2,3,3,3,2,4,3,3,2,3,3,4,2,2,3, ,3,2,4,2,5,1,4,1,2,3,4,4,2,3,1,2,3,1,3,1,5,1,5,4,5,4,3,3,2,5,4,5,2,3,1,5,2,1,5,3,3,2, ,3,1,4,3,2,3,3,1,1,3,2,3,1,3,1,3,1,4,3,2,4,1,3,5,2,4,2,1,2,2,4,4,1,1,1,2,1,1,5,3,1,1, ,5,5,5,5,4,3,3,3,2,5,2,3,3,4,4,4,5,5, ,5,5,5,5,4,3,3,3,4,1,4,3,3,2,2,2,1,1, , ,2019-05-09 09:52:46 UTC,2019-05-09 10:15:37 UTC, ,2.916666667,3,3.46153846153846,2,2.75,1.61538461538462,5,3.25,3,1.833333333
63,475005-474996-46948134,removed_to_protect_anonymity,31,Male,0,Food Retail,GCSE or equivalent,NA,GCSE or equivalent,2,"Average computer user, using the internet, standard applications etc.",3, ,2,3,3,4,4,3,4,4,4,3,3,2,4,2,3,4,3,4,4,3,4,4,3,3,4,4,4,3,3,3,3,3, ,2,2,3,4,3,3,2,3,3,4,4,3,3,4,4,3,4,4,2,4,3,3,2,2,3,3,3,4,3,4,2,3, ,3,4,4,4,2,4,4,4,4,4,5,4,3,4,3,4,1,3,4,4,5,3,3,4,4,4,4,4,3,4,3,4,4,2,4,4,3,3,4,4,3,4, ,3,2,4,3,2,3,3,3,3,3,4,4,3,4,2,4,3,3,4,3,5,3,3,5,4,5,4,3,3,3,4,4,4,2,3,3,3,3,5,4,3,4, ,3,4,4,4,4,4,4,5,3,2,3,3,3,3,3,3,2,3, ,3,4,4,4,4,4,4,5,3,4,3,3,3,3,3,3,4,3, , ,2019-05-09 09:59:33 UTC,2019-05-09 10:16:19 UTC, ,3.5,3.25,4,3.3,3.875,2.84615384615385,3.75,4.25,3.25,3.166666667
64,475005-474996-46947531,removed_to_protect_anonymity,53,Female,1,Administrator,A-level or equivalent,NA,A-level or equivalent,3,"Average computer user, using the internet, standard applications etc.",3, ,3,4,2,2,3,3,1,1,4,4,2,2,2,3,2,2,3,1,2,3,4,4,4,3,3,4,3,2,3,1,3,1, ,2,4,3,3,4,1,4,3,1,3,4,2,4,3,4,2,3,4,3,4,3,4,5,5,3,3,2,1,4,2,4,3, ,4,1,5,1,3,2,4,1,4,4,5,5,2,1,1,4,3,1,4,1,5,1,3,1,5,4,4,1,3,3,4,4,5,3,2,2,1,1,5,5,1,5, ,2,1,4,3,1,2,4,1,4,5,5,3,1,1,1,4,3,1,4,1,5,2,3,4,4,5,5,2,4,3,5,3,3,1,2,4,1,1,5,5,2,3, ,1,4,3,1,4,5,4,4,3,5,4,4,2,2,4,4,2,2, ,1,4,3,1,4,5,4,4,3,1,2,2,4,4,2,2,4,4, , ,2019-05-09 09:49:50 UTC,2019-05-09 10:16:33 UTC, ,3.25,2.375,4.15384615384615,1.5,4.5,1.69230769230769,2.25,4.25,2,3.333333333
65,475005-474996-46947959,removed_to_protect_anonymity,46,female,1,PA,A-level or equivalent,NA,A-level or equivalent,3,"Average computer user, using the internet, standard applications etc.",3, ,4,4,3,5,4,2,3,3,4,3,3,2,4,2,1,4,4,3,4,4,4,5,4,4,4,5,5,3,2,3,2,4, ,2,2,2,4,5,3,2,2,4,4,5,3,3,5,4,3,2,4,2,5,4,4,3,3,4,4,2,3,3,4,1,4, ,5,1,5,2,3,2,5,2,2,5,2,5,3,4,2,5,4,1,5,3,5,2,2,2,4,5,4,4,2,2,5,5,5,3,2,3,4,2,4,4,1,5, ,4,2,4,3,1,4,4,3,3,4,2,4,3,3,1,4,2,4,3,3,4,3,2,4,3,5,4,5,3,2,5,3,4,5,3,5,4,2,5,5,3,4, ,1,4,3,2,4,4,4,2,2,3,2,4,1,1,1,1,1,1, ,1,4,3,2,4,4,4,2,4,3,4,2,5,5,5,5,5,5, ,"I love the idea of artificial intelligence.  However, like most people, I think it needs to be used carefully.",2019-05-09 09:56:26 UTC,2019-05-09 10:16:57 UTC, ,3.916666667,3.25,4.30769230769231,2.9,4,3.23076923076923,2.5,3.5,3.25,5
66,475005-474996-46947811,removed_to_protect_anonymity,56,male,0,Photographer,Bachelor’s degree or equivale,NA,Bachelor’s degree or equivalent,4,User of specialist applications but not an IT specialist,4, ,2,2,3,3,3,2,2,2,1,2,3,2,2,3,1,3,2,4,4,3,4,3,4,2,4,3,3,3,3,2,1,2, ,5,4,3,3,5,2,3,1,2,4,3,4,3,3,4,3,4,4,3,3,4,4,4,4,2,2,4,4,3,4,3,3, ,4,2,4,4,3,2,2,1,1,4,1,4,2,4,1,3,4,1,5,2,5,2,4,1,4,5,4,4,4,2,3,5,2,3,1,4,3,2,4,4,5,4, ,3,1,3,3,1,1,1,1,1,4,2,5,1,1,1,2,3,2,4,2,5,3,3,4,3,5,5,3,5,2,4,5,2,1,1,3,3,1,5,4,4,4, ,2,4,4,3,3,4,3,5,3,4,4,3,2,2,3,4,3,3, ,2,4,4,3,3,4,3,5,3,2,2,3,4,4,3,2,3,3, ,The titles of the columns would have been good if they were repeated down the page.,2019-05-09 09:54:09 UTC,2019-05-09 10:17:30 UTC, ,3,2.5,3.46153846153846,2.5,3.125,1.92307692307692,3.25,3.75,2.5,3.166666667
67,475005-474996-46947721,removed_to_protect_anonymity,29,Female,1,Finance assistant,A-level or equivalent,NA,A-level or equivalent,3,"Average computer user, using the internet, standard applications etc.",3, ,2,4,2,4,4,4,2,2,4,2,2,1,2,3,1,4,2,2,2,2,4,5,4,4,4,5,4,4,3,4,4,1, ,2,4,3,3,5,4,2,4,1,4,5,4,4,4,5,4,4,4,2,5,2,4,4,4,4,2,2,2,4,2,2,2, ,5,1,5,4,5,2,4,2,4,4,5,5,1,5,1,5,1,1,4,2,5,4,4,5,5,5,4,4,4,4,5,5,4,5,2,5,4,1,5,5,5,5, ,3,1,4,1,2,2,4,3,4,4,5,3,1,5,1,4,1,1,4,2,5,3,2,4,4,5,5,4,4,2,4,4,4,2,3,2,3,1,5,5,3,4, ,2,4,3,2,4,5,5,5,4,4,4,3,4,4,4,4,5,5, ,2,4,3,2,4,5,5,5,2,2,2,3,2,2,2,2,1,1, , ,2019-05-09 09:52:48 UTC,2019-05-09 10:18:27 UTC, ,3.583333333,2.875,4.69230769230769,2.6,4.5,2.30769230769231,2.75,4.75,2.25,1.666666667
68,475005-474996-46948031,removed_to_protect_anonymity,50,Female,1,Behaviour Officer,GCSE or equivalent,NA,GCSE or equivalent,2,User of specialist applications but not an IT specialist,4, ,3,2,2,4,2,3,3,2,4,1,3,4,2,4,1,2,4,2,2,4,4,5,2,4,2,2,4,4,5,2,1,5, ,2,4,5,2,5,2,4,1,5,2,2,5,3,4,2,4,3,4,4,5,3,2,3,4,4,4,4,2,4,2,2,4, ,5,2,5,4,2,1,5,5,5,5,5,5,4,5,2,5,5,1,5,1,5,2,5,2,5,5,5,5,5,2,5,5,2,2,1,5,2,2,5,5,2,5, ,4,1,4,2,1,3,5,5,3,4,4,4,3,4,1,4,2,1,5,2,5,2,2,4,1,5,4,2,2,2,5,4,4,1,1,3,2,2,5,5,2,5, ,2,4,4,2,4,4,4,4,2,4,4,2,2,2,4,2,4,2, ,2,4,4,2,4,4,4,4,4,2,2,4,4,4,2,4,2,4, , ,2019-05-09 09:57:45 UTC,2019-05-09 10:18:35 UTC, ,3.25,2.75,4.76923076923077,3.2,4.375,2.23076923076923,3,4,3,3.333333333
69,475005-474996-46947808,removed_to_protect_anonymity,46,Male,0,Investment Manager,Bachelor’s degree or equivale,NA,Bachelor’s degree or equivalent,4,User of specialist applications but not an IT specialist,4, ,2,4,4,4,3,2,2,2,2,2,2,2,3,4,1,4,2,4,4,5,4,5,4,5,5,5,4,3,4,4,4,2, ,4,3,4,2,5,4,2,4,2,5,5,4,4,4,4,3,4,4,3,5,4,4,4,4,5,2,2,4,2,4,2,5, ,5,2,5,4,1,5,5,4,3,5,5,5,3,4,2,5,3,1,3,2,5,4,3,4,5,5,5,3,4,2,5,5,4,1,4,2,3,2,5,5,2,5, ,3,2,5,4,1,5,5,4,3,4,3,2,3,4,1,4,1,1,5,3,5,4,2,5,3,5,5,3,4,2,5,5,4,1,4,2,3,3,5,5,2,5, ,4,4,4,5,4,4,5,4,3,3,2,3,2,2,4,4,2,4, ,4,4,4,5,4,4,5,4,3,3,4,3,4,4,2,2,4,2, ,"Interesting survey.  I think AI presents some genuine opportunities in areas like medicine, data, autonomous vehicles, financial transactions, security and policing etc., but there are aspects of my life where I fear privacy could be compromised which is a worry:",2019-05-09 09:54:07 UTC,2019-05-09 10:18:37 UTC, ,4.25,2.75,4.76923076923077,3.1,4.375,3.07692307692308,4.25,4.25,3.25,3
70,475005-474996-46948191,removed_to_protect_anonymity,39,Female,1,Senior Project Officer,Bachelor’s degree or equivale,NA,Bachelor’s degree or equivalent,4,"User of specialist applications but not an IT specialist,Average computer user, using the internet, standard applications etc.",3.5, ,4,3,2,4,4,4,3,4,4,2,3,4,4,4,1,4,3,2,3,4,2,4,4,3,3,4,4,2,2,2,3,2, ,2,2,2,2,5,2,2,3,2,3,4,4,3,4,2,2,2,2,2,4,2,4,3,2,3,3,3,2,4,3,2,4, ,4,1,3,4,3,1,3,3,3,4,5,3,1,5,1,5,5,1,5,1,5,4,1,1,5,5,5,3,5,2,5,5,3,1,2,1,3,3,5,5,3,5, ,2,1,3,4,2,1,3,1,3,4,5,3,2,3,2,5,3,3,3,2,5,4,4,5,2,5,5,3,4,4,5,3,5,5,1,5,2,1,5,5,1,5, ,3,4,4,3,4,4,5,4,3,2,2,1,1,1,1,1,5,5, ,3,4,4,3,4,4,5,4,3,4,4,5,5,5,5,5,1,1, , ,2019-05-09 10:00:37 UTC,2019-05-09 10:18:39 UTC, ,3.25,3.75,4.38461538461539,2.3,4.625,2.46153846153846,3.5,4.25,4,3.666666667
71,475005-474996-46947699,removed_to_protect_anonymity,31,Female,1,Actress,Bachelor’s degree or equivale,NA,Bachelor’s degree or equivalent,4,User of specialist applications but not an IT specialist,4, ,1,2,5,4,2,2,1,1,4,1,1,1,2,1,1,2,4,1,1,3,2,5,1,3,4,5,4,2,1,3,3,1, ,2,4,1,5,5,3,4,3,1,4,5,5,5,4,5,2,5,2,4,5,4,1,5,5,3,4,4,1,1,1,2,3, ,4,4,3,1,5,5,1,5,5,4,1,5,5,4,1,2,5,1,1,5,2,1,4,1,3,1,4,5,2,4,4,4,3,4,1,5,5,4,5,4,5,5, ,3,1,2,2,1,2,3,1,3,3,3,3,2,4,1,4,1,4,3,1,4,1,1,5,2,5,3,1,3,1,1,2,3,1,2,3,1,1,4,3,1,2, ,1,1,1,2,1,1,2,1,5,5,3,5,4,4,5,5,2,5, ,1,1,1,2,1,1,2,1,1,1,3,1,2,2,1,1,4,1, , ,2019-05-09 09:52:27 UTC,2019-05-09 10:19:01 UTC, ,3,1.5,3,4.2,3.25,1.38461538461538,1.25,1.25,1.5,1.833333333
72,475005-474996-46947786,removed_to_protect_anonymity,40,Male,0,IT,Bachelor’s degree or equivale,NA,Bachelor’s degree or equivalent,4,"Average computer user, using the internet, standard applications etc.",3, ,2,4,5,4,3,4,3,4,4,2,3,2,5,3,2,4,3,5,3,5,4,4,4,4,5,5,4,4,5,4,4,3, ,2,1,5,3,4,4,2,4,3,5,5,4,3,4,4,4,4,4,3,4,2,4,3,2,4,3,2,5,1,3,2,5, ,2,1,4,2,1,3,3,3,1,4,4,3,4,3,3,4,3,1,4,3,4,3,4,2,5,4,4,2,3,2,5,5,4,1,5,4,3,4,4,4,1,4, ,2,1,3,1,1,1,2,1,1,3,2,4,3,2,2,2,2,1,3,2,3,2,1,3,2,4,4,2,2,2,5,4,4,1,4,3,5,1,4,4,1,3, ,2,2,4,4,3,4,4,4,2,2,2,4,1,1,4,5,4,4, ,2,2,4,4,3,4,4,4,4,4,4,2,5,5,2,1,2,2, , ,2019-05-09 09:53:49 UTC,2019-05-09 10:19:07 UTC, ,4.166666667,3.375,3.84615384615385,3.1,3.125,2,3,3.75,3.5,2.833333333
73,475005-474996-46948210,removed_to_protect_anonymity,47,male,0,revenue accountant,Bachelor’s degree or equivale,NA,Bachelor’s degree or equivalent,4,"Considerable IT expertise short of full professional qualifications,User of specialist applications but not an IT specialist",4.5, ,5,2,2,4,4,4,2,4,2,2,3,2,3,3,1,3,2,1,1,3,2,3,2,4,3,3,4,4,3,4,1,1, ,4,3,3,3,5,4,3,1,1,3,3,4,3,4,4,4,1,2,2,3,2,2,4,2,4,2,4,1,4,1,2,3, ,3,1,4,2,3,2,4,2,3,2,2,4,2,3,2,3,3,1,3,2,4,3,4,2,4,3,3,2,4,2,3,4,2,3,2,3,3,3,4,2,3,2, ,3,2,2,2,3,2,3,2,2,2,1,3,2,3,2,3,2,2,2,1,3,2,2,2,3,3,2,2,2,2,3,3,2,2,2,3,2,2,2,2,3,2, ,4,4,4,4,3,3,2,3,2,3,3,2,2,1,1,3,3,3, ,4,4,4,4,3,3,2,3,4,3,3,4,4,5,5,3,3,3, , ,2019-05-09 10:00:56 UTC,2019-05-09 10:19:37 UTC, ,2.583333333,3.375,3.23076923076923,2.4,2.125,2,4,2.75,3.5,3.833333333
74,475005-474996-46947899,removed_to_protect_anonymity,21,male,0,sales executive,GCSE or equivalent,NA,GCSE or equivalent,2,"Average computer user, using the internet, standard applications etc.",3, ,2,4,2,5,2,4,2,4,4,2,2,1,4,4,1,4,4,2,4,5,2,5,4,5,5,5,5,4,4,4,4,2, ,2,2,4,2,5,4,2,4,2,5,5,4,4,5,5,4,4,2,4,5,2,4,4,2,5,4,2,2,4,4,1,5, ,4,2,4,4,4,2,2,2,4,4,4,4,2,5,1,4,2,1,4,2,5,4,4,2,4,4,4,2,4,2,4,4,4,1,2,4,4,2,5,4,4,4, ,2,1,4,2,1,2,4,2,4,2,4,4,1,2,1,4,1,2,4,2,4,2,2,5,2,5,4,2,4,2,4,4,2,2,2,4,3,2,5,4,3,4, ,4,4,4,4,4,5,5,5,2,2,1,1,2,2,4,4,5,5, ,4,4,4,4,4,5,5,5,4,4,5,5,4,4,2,2,1,1, , ,2019-05-09 09:55:36 UTC,2019-05-09 10:19:44 UTC, ,4.333333333,3,4,2.5,3.625,2,4,4.75,4.5,2.333333333
75,475005-474996-46947596,removed_to_protect_anonymity,62,Male,0,General Practitioner,Master’s degree or equivalent,NA,Master’s degree or equivalent,5,"Average computer user, using the internet, standard applications etc.",3, ,4,5,5,5,5,3,4,2,5,2,2,2,5,4,1,4,2,2,5,5,4,5,5,5,5,5,5,3,4,3,5,1, ,1,1,4,2,5,3,2,5,1,5,5,4,4,5,4,3,2,4,1,5,3,5,2,4,5,2,1,2,1,5,1,5, ,5,1,5,4,3,4,4,4,2,5,5,5,2,4,2,5,5,1,5,2,5,5,5,5,5,5,5,5,4,2,5,5,4,1,4,1,5,1,5,5,3,5, ,5,1,4,3,1,5,4,4,2,2,4,5,1,4,1,4,2,2,4,3,2,5,1,4,2,5,4,5,2,3,5,5,4,3,3,4,4,2,5,5,2,5, ,4,5,4,5,5,4,5,5,3,2,3,4,1,1,3,4,2,2, ,4,5,4,5,5,4,5,5,3,4,3,2,5,5,3,2,4,4, , ,2019-05-09 09:50:47 UTC,2019-05-09 10:20:46 UTC, ,4.583333333,3.875,4.69230769230769,3.5,4,3.53846153846154,4.5,4.75,3,3.833333333
76,475005-474996-46948124,removed_to_protect_anonymity,29,Female,1,Designer,Bachelor’s degree or equivale,NA,Bachelor’s degree or equivalent,4,"Average computer user, using the internet, standard applications etc.",3, ,3,2,3,3,3,2,3,2,3,2,3,2,2,3,1,3,2,2,3,2,3,3,2,2,3,4,3,3,3,3,2,1, ,3,4,3,3,5,3,3,2,1,3,4,4,3,3,4,3,3,3,3,3,4,2,3,4,2,2,4,2,3,3,3,2, ,4,2,5,3,2,2,2,1,2,3,3,5,2,4,1,3,2,1,2,2,5,5,3,2,4,3,2,4,2,2,4,5,3,2,1,3,4,1,4,4,3,4, ,3,1,4,2,3,2,2,1,2,3,4,5,2,4,1,3,1,2,2,1,2,1,2,4,2,3,2,3,2,1,4,3,2,2,1,2,3,1,4,3,3,3, ,2,3,3,3,4,4,4,3,3,2,3,2,3,3,3,3,3,4, ,2,3,3,3,4,4,4,3,3,4,3,4,3,3,3,3,3,2, , ,2019-05-09 09:59:23 UTC,2019-05-09 10:20:53 UTC, ,2.666666667,2.75,3.61538461538462,2.6,2.875,1.69230769230769,2.75,3.75,3.5,2.833333333
77,475005-474996-46947869,removed_to_protect_anonymity,33,Female,1,Academic,Doctoral degree or equivalent,NA,Doctoral degree or equivalent,6,"Average computer user, using the internet, standard applications etc.",3, ,4,5,2,5,2,4,1,4,5,1,4,2,4,5,2,5,4,4,4,5,5,5,5,5,5,5,5,5,2,4,5,4, ,1,2,2,1,4,4,1,5,4,5,5,5,2,5,4,5,2,5,4,5,2,5,5,2,5,4,1,4,4,4,1,5, ,5,1,5,2,3,5,4,3,2,4,5,5,5,4,1,4,5,2,5,1,5,2,5,2,5,5,2,5,3,5,5,5,5,5,4,4,4,2,5,5,5,5, ,3,2,4,2,2,5,4,3,3,3,4,3,1,3,1,5,3,2,3,2,5,2,3,2,3,5,5,2,5,3,4,4,5,3,4,2,3,2,5,4,3,2, ,1,5,5,4,5,5,5,5,5,4,2,2,4,4,4,4,5,5, ,1,5,5,4,5,5,5,5,1,2,4,4,2,2,2,2,1,1, ,The way we live and function in the modern world would not be possible without AI.,2019-05-09 09:55:06 UTC,2019-05-09 10:20:59 UTC, ,4.583333333,3.625,4.38461538461539,3.5,4.375,2.69230769230769,3.75,5,2.75,1.666666667
78,475005-474996-46948297,removed_to_protect_anonymity,42,female,1,Careers Adviser,Master’s degree or equivalent,NA,Master’s degree or equivalent,5,User of specialist applications but not an IT specialist,4, ,2,4,4,3,2,3,3,2,4,2,4,1,2,3,1,3,3,3,1,4,4,4,4,2,3,4,3,3,2,2,2,4, ,2,4,2,3,5,2,3,2,4,3,4,4,2,3,5,3,4,4,4,4,3,4,3,4,2,3,2,3,2,1,3,4, ,5,1,4,4,1,1,4,1,1,3,5,4,4,4,1,5,2,1,5,1,4,2,2,3,5,5,4,2,5,2,5,4,4,1,2,1,2,2,5,4,1,5, ,2,1,3,2,1,2,4,2,2,3,3,3,2,4,1,5,1,2,4,1,5,3,2,5,3,5,5,2,5,3,5,3,4,1,2,2,2,1,5,4,2,4, ,2,2,4,3,3,2,4,5,3,4,3,3,3,2,4,4,3,3, ,2,2,4,3,3,2,4,5,3,2,3,3,3,4,2,2,3,3, , ,2019-05-09 10:02:26 UTC,2019-05-09 10:21:04 UTC, ,3,2.75,4.30769230769231,1.7,4.125,1.84615384615385,2.75,3.5,2.75,2.833333333
79,475005-474996-46948103,removed_to_protect_anonymity,20,Female,1,Waitress,A-level or equivalent,NA,A-level or equivalent,3,User of specialist applications but not an IT specialist,4, ,2,2,4,2,2,2,1,1,2,1,1,3,1,1,3,2,2,1,1,2,2,3,2,2,3,3,4,3,2,2,2,1, ,4,5,2,5,3,2,4,2,1,3,3,5,5,4,3,3,4,2,4,3,4,2,5,5,2,2,4,1,2,1,4,2, ,4,1,5,3,3,2,3,5,5,3,3,3,3,4,1,3,1,1,3,1,5,1,1,3,5,5,4,2,3,3,4,5,3,1,1,2,1,3,5,4,2,3, ,3,2,4,2,1,1,2,3,4,4,2,4,4,3,1,3,2,1,3,2,5,4,3,5,4,5,5,2,3,1,4,4,3,1,1,3,3,2,4,4,3,4, ,3,4,4,5,3,4,5,4,5,5,3,2,1,2,4,4,5,5, ,3,4,4,5,3,4,5,4,1,1,3,4,5,4,2,2,1,1, ,N/A,2019-05-09 09:58:58 UTC,2019-05-09 10:21:58 UTC, ,2.333333333,1.5,3.76923076923077,1.9,3.375,2,4,4,2.25,2.5
80,475005-474996-46948218,removed_to_protect_anonymity,47,F,1,Lab assistant,GCSE or equivalent,NA,GCSE or equivalent,2,"Average computer user, using the internet, standard applications etc.",3, ,4,3,3,3,4,2,1,2,4,2,1,2,2,1,2,1,4,4,4,3,4,4,3,3,4,4,4,5,4,3,4,5, ,2,4,4,5,4,3,5,4,5,4,4,4,5,4,4,5,2,4,2,4,4,3,5,4,3,4,3,4,3,4,3,3, ,2,2,4,2,1,1,2,1,1,1,1,5,2,3,1,4,4,3,4,2,5,1,5,4,4,5,4,2,3,4,4,5,3,1,2,3,3,4,5,3,2,3, ,2,2,4,2,2,2,2,2,3,3,2,3,2,3,1,2,2,2,2,2,4,1,1,3,2,5,4,2,2,2,5,4,3,1,2,2,2,2,4,2,2,2, ,3,5,4,4,4,4,5,4,4,5,3,3,5,1,3,2,2,3, ,3,5,4,4,4,4,5,4,2,1,3,3,1,5,3,4,4,3, , ,2019-05-09 10:01:01 UTC,2019-05-09 10:22:18 UTC, ,3.75,2,3.53846153846154,2,2.75,1.76923076923077,4,4.25,2.25,3.333333333
81,475005-474996-46948205,removed_to_protect_anonymity,35,Female,1,Linen assistant,A-level or equivalent,NA,A-level or equivalent,3,"Average computer user, using the internet, standard applications etc.",3, ,2,4,2,5,3,3,2,3,4,2,3,2,3,4,1,3,3,2,4,4,3,4,4,4,5,5,5,3,4,4,4,3, ,2,3,4,2,5,4,3,4,3,5,5,4,3,5,4,3,4,3,3,4,3,4,4,3,4,3,2,2,4,4,1,4, ,4,3,5,2,1,2,4,4,3,4,2,5,3,3,1,3,4,1,4,2,5,2,5,4,5,4,5,3,4,4,5,4,4,2,2,4,3,1,5,5,2,4, ,2,1,4,2,1,1,4,3,3,4,2,5,1,3,1,4,3,3,4,3,5,1,3,4,4,4,5,2,2,3,5,4,4,2,2,3,3,1,5,5,2,5, ,2,3,3,4,4,5,4,5,2,2,3,4,2,2,4,3,5,4, ,2,3,3,4,4,5,4,5,4,4,3,2,4,4,2,3,1,2, , ,2019-05-09 10:00:49 UTC,2019-05-09 10:24:34 UTC, ,4.083333333,2.875,4.15384615384615,2.8,4.125,2,3,4.5,3.25,2.666666667
82,475005-474996-46948082,removed_to_protect_anonymity,32,female,1,Office admin assistant,Bachelor’s degree or equivale,NA,Bachelor’s degree or equivalent,4,User of specialist applications but not an IT specialist,4, ,1,2,1,3,3,3,3,1,5,1,3,2,2,4,1,4,3,2,2,3,2,4,4,3,4,4,3,3,3,2,2,1, ,1,4,3,2,5,2,2,2,1,4,4,5,3,3,4,3,5,2,3,4,3,4,3,5,3,3,4,2,5,2,3,3, ,1,1,5,3,1,5,5,4,4,2,5,5,4,4,1,5,1,1,1,1,3,1,5,3,4,5,4,3,5,5,5,5,5,1,4,5,2,1,5,5,1,5, ,2,1,5,3,1,4,5,3,3,1,5,4,3,5,2,5,1,3,1,1,1,1,3,5,2,5,5,2,3,3,5,4,5,1,2,5,2,1,5,5,1,5, ,1,5,5,5,5,5,5,5,2,4,2,1,5,3,5,5,5,5, ,1,5,5,5,5,5,5,5,4,2,4,5,1,3,1,1,1,1, , ,2019-05-09 09:58:42 UTC,2019-05-09 10:25:14 UTC, ,3.083333333,2.875,4.69230769230769,2.7,4.5,2.07692307692308,4,5,3.75,1.333333333
83,475005-474996-46948336,removed_to_protect_anonymity,26,Female,1,Marketing Manager,Bachelor’s degree or equivale,NA,Bachelor’s degree or equivalent,4,User of specialist applications but not an IT specialist,4, ,1,4,2,2,2,4,2,3,2,2,2,2,1,4,3,2,3,2,2,4,3,4,3,3,3,3,2,3,4,2,3,2, ,4,5,4,2,3,2,4,3,2,3,3,4,4,2,4,3,5,3,4,4,2,3,4,3,3,3,2,2,4,2,4,4, ,5,2,4,2,2,2,4,2,4,5,3,5,2,2,1,5,1,1,1,1,5,1,5,2,5,5,5,4,5,1,4,4,4,2,2,5,2,2,5,5,3,4, ,2,1,3,2,2,1,3,2,3,3,2,4,2,2,2,3,2,2,2,1,4,2,4,2,4,2,4,3,2,2,4,4,4,2,2,2,3,1,4,4,2,4, ,4,4,5,4,5,5,5,4,3,3,3,2,2,1,1,1,1,1, ,4,4,5,4,5,5,5,4,3,3,3,4,4,5,5,5,5,5, , ,2019-05-09 10:03:08 UTC,2019-05-09 10:25:46 UTC, ,3.083333333,2.25,4.23076923076923,2.1,3.375,1.92307692307692,4.25,4.75,3.25,4.833333333
84,475005-474996-46948069,removed_to_protect_anonymity,44,Female,1,Administration and Finance Officer,A-level or equivalent,NA,A-level or equivalent,3,User of specialist applications but not an IT specialist,4, ,4,4,2,5,4,2,2,3,2,4,2,2,5,4,3,5,5,3,3,5,3,5,4,5,5,5,5,5,5,4,4,3, ,4,1,5,2,3,4,1,4,3,5,5,2,4,5,4,5,2,3,2,5,4,4,4,3,5,5,2,3,4,3,1,5, ,5,2,5,5,5,3,4,3,2,3,5,5,4,4,3,5,5,1,4,2,5,4,5,1,5,5,5,4,5,3,5,5,5,3,4,3,2,1,5,5,5,5, ,3,1,4,2,1,2,3,2,1,3,4,3,1,1,1,4,1,1,2,1,4,2,1,3,1,4,4,1,4,2,5,5,5,1,1,2,2,1,5,5,1,3, ,4,5,5,5,5,5,5,5,4,4,4,3,1,1,2,2,3,4, ,4,5,5,5,5,5,5,5,2,2,2,3,5,5,4,4,3,2, , ,2019-05-09 09:58:17 UTC,2019-05-09 10:28:43 UTC, ,4.5,3.5,4.84615384615385,3.3,4.125,1.61538461538462,4.75,5,2.25,3.833333333
85,475005-474996-46948372,removed_to_protect_anonymity,54,male,0,warehouse supervisor,GCSE or equivalent,NA,GCSE or equivalent,2,"Average computer user, using the internet, standard applications etc.",3, ,3,3,4,3,2,3,3,2,4,2,3,2,3,2,2,3,3,3,3,4,3,3,4,2,3,4,3,3,2,3,2,2, ,2,3,2,4,4,3,3,2,2,3,4,4,3,3,4,3,3,3,4,3,3,4,3,4,2,3,3,3,2,3,3,4, ,4,1,4,3,4,3,4,3,3,3,4,4,4,4,2,4,4,1,3,3,5,3,5,3,5,5,5,4,4,5,3,3,3,3,2,4,1,1,5,5,3,4, ,4,2,4,3,3,3,4,3,4,3,5,3,3,4,2,4,3,3,3,3,4,2,4,3,4,4,4,3,3,3,3,3,3,2,2,3,2,2,5,5,3,5, ,4,4,4,4,2,2,3,4,3,2,3,2,2,2,4,5,3,4, ,4,4,4,4,2,2,3,4,3,4,3,4,4,4,2,1,3,2, , ,2019-05-09 10:03:45 UTC,2019-05-09 10:30:33 UTC, ,3,2.75,4,3.1,4.125,2.61538461538462,4,2.75,3.5,2.666666667
86,475005-474996-46947558,removed_to_protect_anonymity,28,female,1,Assurance Team Lead,Master’s degree or equivalent,NA,Master’s degree or equivalent,5,"Average computer user, using the internet, standard applications etc.",3, ,2,3,2,4,2,2,3,4,4,2,2,4,4,4,1,4,2,4,2,4,2,5,4,2,5,3,4,3,4,3,4,2, ,2,2,4,2,5,3,2,4,2,5,3,4,4,4,2,3,4,2,4,5,4,4,3,2,2,2,3,4,4,2,2,4, ,5,1,5,2,2,2,5,2,4,4,4,5,1,5,1,5,2,1,4,1,5,4,5,1,5,5,5,2,4,1,4,5,4,2,1,4,1,1,5,5,1,5, ,3,1,5,2,1,2,2,2,3,4,4,4,1,5,1,4,1,2,4,1,4,2,4,4,3,5,4,1,2,1,4,4,4,2,3,4,1,1,5,5,1,4, ,2,5,4,4,4,5,5,5,3,2,1,2,2,1,2,2,5,2, ,2,5,4,4,4,5,5,5,3,4,5,4,4,5,4,4,1,4, , ,2019-05-09 09:50:19 UTC,2019-05-09 10:32:45 UTC, ,3.416666667,2.875,4.69230769230769,2,4,1.69230769230769,3.75,4.75,4,3.666666667
87,475005-474996-46948758,removed_to_protect_anonymity,32,Male,0,Armed security,A-level or equivalent,NA,A-level or equivalent,3,"User of specialist applications but not an IT specialist,Average computer user, using the internet, standard applications etc.",3.5, ,5,4,4,3,3,2,2,4,4,2,3,2,3,3,4,5,4,2,1,3,2,4,4,3,4,4,4,4,3,2,3,1, ,2,3,3,3,2,2,1,3,1,4,4,4,3,4,4,4,1,2,3,4,4,4,4,2,3,4,2,2,2,1,3,3, ,3,1,5,5,3,4,5,1,3,2,5,4,2,4,1,4,4,1,3,2,4,2,4,1,5,5,4,2,3,1,4,3,3,1,1,1,2,1,5,4,3,4, ,2,1,5,4,2,2,4,1,3,1,4,4,4,5,1,4,2,3,3,1,5,3,2,3,3,4,4,2,4,3,5,3,3,1,1,1,2,2,5,4,1,4, ,3,4,3,4,4,3,2,2,2,3,3,3,2,2,4,4,4,4, ,3,4,3,4,4,3,2,2,4,3,3,3,4,4,2,2,2,2, , ,2019-05-09 10:09:28 UTC,2019-05-09 10:32:46 UTC, ,3.25,3.25,4,2.1,3.625,1.92307692307692,3.5,2.75,3.25,2.666666667
88,475005-474996-46947815,removed_to_protect_anonymity,30,Female,1,Event manager,Bachelor’s degree or equivale,NA,Bachelor’s degree or equivalent,4,User of specialist applications but not an IT specialist,4, ,2,5,2,3,2,4,3,3,3,2,3,1,1,1,4,2,2,1,2,4,2,4,5,4,4,5,5,3,4,3,4,2, ,3,5,4,5,2,3,4,4,2,4,5,4,3,5,5,3,4,2,4,4,2,5,3,3,4,2,1,1,4,2,3,4, ,4,2,4,4,5,3,4,4,5,5,5,5,4,4,1,4,4,2,4,3,5,2,4,4,5,4,4,4,5,4,4,5,3,1,2,4,2,3,5,3,2,4, ,3,3,4,3,4,2,4,4,4,4,3,5,3,5,2,5,3,3,4,3,5,2,3,5,4,5,5,3,4,3,3,4,3,2,3,5,2,3,4,5,3,4, ,4,5,5,5,4,5,5,5,2,3,1,3,1,1,4,4,3,5, ,4,5,5,5,4,5,5,5,4,3,5,3,5,5,2,2,3,1, , ,2019-05-09 09:54:13 UTC,2019-05-09 10:32:59 UTC, ,3.75,2.25,4.23076923076923,3.1,4.125,2.69230769230769,4.75,4.75,3.75,3
89,475005-474996-46950167,removed_to_protect_anonymity,48,male,0,bank manager,A-level or equivalent,NA,A-level or equivalent,3,"Average computer user, using the internet, standard applications etc.",3, ,2,2,3,5,4,3,5,4,4,3,4,4,5,4,1,4,2,2,4,5,4,5,3,4,4,5,5,3,4,4,3,3, ,2,1,4,2,5,4,2,3,3,4,5,3,2,5,2,3,4,4,2,5,3,3,1,2,4,2,4,2,3,4,1,5, ,5,2,4,4,3,4,4,3,5,4,5,4,3,5,2,4,5,1,4,2,5,3,5,4,5,5,4,3,4,2,5,4,3,2,4,2,3,4,5,5,3,4, ,3,2,4,2,2,4,5,4,4,3,3,4,2,5,2,5,4,2,2,2,5,1,3,5,5,5,5,3,4,2,5,4,3,1,4,2,3,2,5,5,3,4, ,2,4,4,3,5,4,4,3,5,4,5,3,2,1,2,2,1,3, ,2,4,4,3,5,4,4,3,1,2,1,3,4,5,4,4,5,3, , ,2019-05-09 10:30:36 UTC,2019-05-09 10:49:21 UTC, ,4,3.875,4.30769230769231,3,4.25,2.53846153846154,3.25,4,1.75,4.166666667
90,475005-474996-46948304,removed_to_protect_anonymity,26,Female,1,Receptionist,GCSE or equivalent,NA,GCSE or equivalent,2,User of specialist applications but not an IT specialist,4, ,2,4,2,5,4,4,2,2,2,3,4,2,3,4,3,4,4,4,2,5,5,5,4,5,5,5,4,3,4,3,5,1, ,4,3,4,2,3,3,2,5,1,5,5,3,2,4,4,3,4,5,2,5,2,4,4,4,5,4,2,4,4,2,1,5, ,4,1,5,2,1,3,5,4,4,5,3,2,5,5,1,5,3,1,2,1,5,4,4,5,5,5,2,4,4,2,4,5,5,1,1,3,1,1,5,5,3,5, ,3,1,5,5,1,2,4,3,2,4,2,2,3,4,1,5,1,4,2,1,5,3,1,4,3,5,5,3,4,1,5,3,4,1,2,3,1,1,5,4,1,4, ,4,5,5,5,4,5,4,5,4,4,4,4,3,2,3,1,1,2, ,4,5,5,5,4,5,4,5,2,2,2,2,3,4,3,5,5,4, ,N/A,2019-05-09 10:02:36 UTC,2019-05-09 10:51:36 UTC, ,4.416666667,3.375,4.23076923076923,2.9,4.125,2.07692307692308,4.75,4.5,2,4
91,475005-474996-46952168,removed_to_protect_anonymity,57,FEMALE,1,Clerk,GCSE or equivalent,NA,GCSE or equivalent,2,"Average computer user, using the internet, standard applications etc.",3, ,2,1,3,1,3,2,2,3,2,5,4,1,2,2,2,4,2,3,1,3,1,2,2,2,1,2,5,2,3,2,2,1, ,4,4,3,4,4,2,2,2,1,1,2,1,2,5,5,2,4,1,3,2,4,2,4,3,2,2,5,3,3,1,5,3, ,3,1,3,1,1,2,1,1,1,1,1,1,1,1,1,1,1,1,2,1,3,1,3,2,3,1,2,2,1,1,1,3,2,1,1,2,1,1,3,1,1,1, ,1,1,2,1,1,1,2,1,1,2,1,1,1,2,1,1,1,1,2,1,2,1,1,2,2,3,2,2,2,1,1,2,2,1,1,1,1,1,1,1,1,3, ,2,3,4,3,4,3,3,4,4,5,4,5,3,5,5,4,4,4, ,2,3,4,3,4,3,3,4,2,1,2,1,3,1,1,2,2,2, ,Na,2019-05-09 11:00:23 UTC,2019-05-09 11:15:53 UTC, ,2.166666667,2.625,1.61538461538462,1.3,1.5,1.07692307692308,3,3.5,1.5,1.833333333
92,450302-450293-46910553,removed_to_protect_anonymity,36,Female,1,Cleaner,A-level or equivalent,NA,A-level or equivalent,3,"Average computer user, using the internet, standard applications etc.",3, ,1,1,3,3,3,3,2,3,4,1,2,1,2,2,3,2,2,1,2,3,3,4,3,3,3,4,4,4,3,1,1,1, ,2,4,3,4,3,1,4,1,1,3,4,5,4,4,5,4,5,3,3,4,3,3,4,3,3,2,5,1,3,2,3,3, ,4,1,5,4,1,1,5,1,3,3,5,5,1,5,1,5,3,1,3,2,5,1,3,5,5,5,5,2,5,1,5,5,4,1,1,4,2,1,5,5,1,5, ,2,1,5,3,1,1,5,2,4,3,3,5,1,5,3,5,1,1,3,2,5,3,1,5,3,5,5,3,4,1,5,5,4,1,1,4,3,1,5,5,1,5, ,1,2,1,1,3,1,1,4,3,5,5,1,1,1,4,1,5,4, ,1,2,1,1,3,1,1,4,3,1,1,5,5,5,2,5,1,2, , ,2019-05-08 11:26:41 UTC,2019-05-08 11:39:36 UTC, ,2.916666667,2.125,4.92307692307692,1.8,4.375,2,1.25,2.25,2.5,3.333333333
93,450302-450293-46910386,removed_to_protect_anonymity,49,Female,1,Online Retailer,GCSE or equivalent,NA,GCSE or equivalent,2,"Average computer user, using the internet, standard applications etc.",3, ,2,4,4,5,4,5,3,4,4,4,3,1,5,4,2,5,4,4,3,5,4,5,5,4,2,5,4,4,3,4,3,2, ,2,1,3,2,4,4,1,3,2,2,5,2,3,4,5,4,4,4,2,5,1,5,3,2,4,4,2,4,2,3,1,5, ,2,1,5,3,4,2,4,5,3,4,5,5,4,3,2,5,5,1,4,4,5,1,5,5,4,3,4,2,4,5,5,5,4,4,2,4,4,3,5,5,4,5, ,3,2,5,4,1,2,2,3,3,2,4,5,4,4,1,4,3,2,2,3,5,2,5,5,2,5,4,2,3,3,5,4,4,2,3,2,2,2,5,5,1,5, ,2,2,1,4,4,5,5,3,4,2,2,4,2,1,3,3,2,4, ,2,2,1,4,4,5,5,3,2,4,4,2,4,5,3,3,4,2, , ,2019-05-08 11:23:48 UTC,2019-05-08 11:46:38 UTC, ,3.916666667,3.875,4.53846153846154,3.3,3.75,2.46153846153846,2.25,4.25,3,3.5
94,450302-450293-46909758,removed_to_protect_anonymity,34,male,0,Warehouse Clerk,Master’s degree or equivalent,NA,Master’s degree or equivalent,5,User of specialist applications but not an IT specialist,4, ,4,3,2,4,2,2,1,4,4,1,2,3,2,4,2,3,4,2,3,4,2,4,4,4,4,4,4,3,4,3,2,2, ,2,4,4,2,4,3,3,2,2,4,4,5,4,4,3,3,2,2,4,4,4,4,5,2,4,4,3,2,4,3,2,4, ,4,3,4,3,2,3,2,2,4,4,4,4,3,3,2,4,4,1,4,4,4,3,4,3,4,4,3,3,3,3,5,4,3,3,3,4,3,3,5,4,3,4, ,4,2,4,4,1,3,3,2,3,4,5,4,3,3,2,4,5,3,2,3,5,2,2,4,3,4,5,2,2,2,5,4,3,2,2,3,2,2,4,4,3,4, ,3,5,4,5,4,5,4,4,3,3,2,3,2,2,3,3,3,3, ,3,5,4,5,4,5,4,4,3,3,4,3,4,4,3,3,3,3, ,"nice survey, more of them like that",2019-05-08 11:14:15 UTC,2019-05-08 11:33:52 UTC, ,3.583333333,2.5,3.61538461538462,3.1,4,2.46153846153846,4.25,4.25,3.25,3.333333333
95,450302-450293-46910568,removed_to_protect_anonymity,39,Male,0,Software Engineer,A-level or equivalent,NA,A-level or equivalent,3,Considerable IT expertise short of full professional qualifications,5, ,2,3,4,3,3,3,2,2,1,2,2,1,2,2,1,3,4,4,4,4,3,5,4,4,4,4,4,3,4,2,4,1, ,5,4,4,4,5,2,3,4,1,4,4,4,4,4,5,3,4,3,3,5,3,4,4,4,4,4,3,4,2,4,3,4, ,4,4,4,3,4,4,4,4,4,4,4,5,3,2,4,4,2,1,3,3,4,4,5,2,5,4,4,4,5,5,5,5,3,2,4,2,4,3,5,5,2,5, ,4,2,4,4,2,4,4,4,4,4,4,5,2,4,3,4,1,4,3,3,4,4,1,4,4,5,5,4,5,3,5,5,4,1,3,1,4,2,5,5,3,4, ,2,5,4,3,3,5,5,5,2,1,1,1,2,2,3,3,5,4, ,2,5,4,3,3,5,5,5,4,5,5,5,4,4,3,3,1,2, , ,2019-05-08 11:27:06 UTC,2019-05-08 11:47:52 UTC, ,4,2.375,4.15384615384615,3.4,4.375,3.30769230769231,3.5,4.5,4.75,2.833333333
96,450302-450293-46910415,removed_to_protect_anonymity,36,female,1,transport coordinator,Master’s degree or equivalent,NA,Master’s degree or equivalent,5,"Average computer user, using the internet, standard applications etc.",3, ,2,5,3,5,3,3,2,3,4,2,1,2,4,5,1,5,3,1,2,5,4,5,4,5,5,5,5,4,5,3,4,3, ,2,2,5,1,5,3,1,4,3,5,5,4,5,5,4,4,4,4,3,5,3,4,4,3,5,3,1,1,3,2,1,5, ,3,1,5,1,2,2,5,2,4,4,5,5,3,4,2,5,5,1,4,4,5,3,5,3,5,5,5,4,5,5,5,5,5,3,2,3,4,1,5,5,5,5, ,2,1,5,2,2,2,4,2,3,3,4,2,2,2,1,4,1,1,2,3,3,3,2,4,3,5,5,2,4,2,5,4,5,2,2,3,2,1,5,4,3,5, ,3,3,4,4,4,5,5,5,1,3,2,1,1,1,4,1,1,1, ,3,3,4,4,4,5,5,5,5,3,4,5,5,5,2,5,5,5, , ,2019-05-08 11:24:26 UTC,2019-05-08 11:43:48 UTC, ,4.333333333,3.125,4.92307692307692,3.2,4.25,2,3.5,4.75,4.25,4.5
97,450302-450293-46908547,removed_to_protect_anonymity,24,Male,0,IT Technician,Bachelor’s degree or equivale,NA,Bachelor’s degree or equivalent,4,Professionally qualified computer scientist or IT specialist,6, ,3,3,2,4,2,2,3,3,4,2,2,2,5,5,4,4,3,3,2,3,4,5,4,5,5,5,5,5,5,5,5,5, ,2,1,5,1,2,5,2,5,5,5,5,4,4,5,4,5,3,4,4,5,4,4,3,3,5,3,3,3,4,2,2,3, ,4,2,4,2,3,5,4,4,4,5,3,4,5,4,4,5,3,1,5,3,5,4,4,4,5,5,5,5,4,3,4,5,4,2,4,5,4,2,5,5,5,4, ,2,1,4,5,1,5,5,5,5,5,3,5,5,3,2,5,3,4,5,1,5,4,2,4,1,5,5,1,4,1,1,5,5,1,4,5,1,1,5,4,1,4, ,4,5,5,5,5,4,5,5,2,4,1,4,1,1,1,2,5,5, ,4,5,5,5,5,4,5,5,4,2,5,2,5,5,5,4,1,1, ,Really enjoyed this survey! I think AI is the future and will help us achieve alot,2019-05-08 11:00:41 UTC,2019-05-08 11:17:04 UTC, ,4.25,3.25,4.30769230769231,4.2,4.625,2.53846153846154,4.75,4.75,3.25,3.5
98,450302-450293-46910506,removed_to_protect_anonymity,41,Male,0,assistant manager,Bachelor’s degree or equivale,NA,Bachelor’s degree or equivalent,4,"Average computer user, using the internet, standard applications etc.",3, ,2,3,1,2,2,2,1,2,4,1,1,1,1,2,1,3,4,2,2,4,1,4,3,3,3,4,4,5,4,3,4,1, ,2,5,4,4,5,3,3,4,1,3,4,5,5,4,5,5,4,1,4,4,4,3,5,4,3,4,3,2,5,2,4,4, ,1,1,4,1,5,2,3,1,2,3,5,4,4,2,1,4,3,1,4,2,5,3,3,1,4,4,4,1,1,1,5,4,1,1,2,4,1,1,5,4,1,4, ,1,1,5,2,3,1,2,1,1,3,5,4,1,2,1,4,1,1,1,1,5,1,1,3,1,5,5,1,1,1,5,3,1,1,3,1,1,1,5,3,1,3, ,1,3,1,1,3,4,1,1,5,5,5,5,3,1,5,5,3,5, ,1,3,1,1,3,4,1,1,1,1,1,1,3,5,1,1,3,1, , ,2019-05-08 11:26:00 UTC,2019-05-08 11:41:25 UTC, ,3.333333333,1.75,3.53846153846154,2.2,3.5,1.23076923076923,1.5,2.25,1,2.333333333
99,450302-450293-46910668,removed_to_protect_anonymity,27,Female,1,Commercial Assistant,GCSE or equivalent,NA,GCSE or equivalent,2,User of specialist applications but not an IT specialist,4, ,5,5,5,5,3,3,3,4,4,3,5,2,5,3,1,5,3,3,3,5,3,5,4,4,5,5,5,3,5,4,5,4, ,2,1,5,3,5,4,1,5,4,5,5,3,1,5,4,3,1,3,3,5,3,4,3,2,4,3,1,3,1,3,1,5, ,5,1,5,4,5,1,5,4,5,5,3,5,5,5,1,5,5,5,5,1,5,2,5,3,5,5,5,1,4,4,5,5,5,3,2,5,1,3,5,5,1,5, ,2,1,5,2,1,3,5,3,3,5,3,5,3,5,2,4,1,5,5,2,5,3,3,5,4,5,5,2,3,4,5,5,5,2,4,4,1,2,5,5,1,5, ,5,5,5,5,5,5,5,5,4,2,3,1,2,2,4,3,3,4, ,5,5,5,5,5,5,5,5,2,4,3,5,4,4,2,3,3,2, , ,2019-05-08 11:28:35 UTC,2019-05-08 11:48:11 UTC, ,4.333333333,4,4.76923076923077,2.6,4.625,2.46153846153846,5,5,3.5,3
